[{"model": "contenttypes.contenttype", "pk": 1, "fields": {"app_label": "admin", "model": "logentry"}}, {"model": "contenttypes.contenttype", "pk": 2, "fields": {"app_label": "auth", "model": "permission"}}, {"model": "contenttypes.contenttype", "pk": 3, "fields": {"app_label": "auth", "model": "group"}}, {"model": "contenttypes.contenttype", "pk": 4, "fields": {"app_label": "contenttypes", "model": "contenttype"}}, {"model": "contenttypes.contenttype", "pk": 5, "fields": {"app_label": "sessions", "model": "session"}}, {"model": "contenttypes.contenttype", "pk": 6, "fields": {"app_label": "sites", "model": "site"}}, {"model": "contenttypes.contenttype", "pk": 7, "fields": {"app_label": "browse", "model": "branchcomment"}}, {"model": "contenttypes.contenttype", "pk": 8, "fields": {"app_label": "browse", "model": "ingredient"}}, {"model": "contenttypes.contenttype", "pk": 9, "fields": {"app_label": "browse", "model": "ingredientlist"}}, {"model": "contenttypes.contenttype", "pk": 10, "fields": {"app_label": "browse", "model": "package"}}, {"model": "contenttypes.contenttype", "pk": 11, "fields": {"app_label": "browse", "model": "packagecomment"}}, {"model": "contenttypes.contenttype", "pk": 12, "fields": {"app_label": "browse", "model": "useroffer"}}, {"model": "contenttypes.contenttype", "pk": 13, "fields": {"app_label": "browse", "model": "packagerating"}}, {"model": "contenttypes.contenttype", "pk": 14, "fields": {"app_label": "browse", "model": "packagecommentreact"}}, {"model": "contenttypes.contenttype", "pk": 15, "fields": {"app_label": "browse", "model": "packagebranchdetails"}}, {"model": "contenttypes.contenttype", "pk": 16, "fields": {"app_label": "browse", "model": "branchcommentreact"}}, {"model": "contenttypes.contenttype", "pk": 17, "fields": {"app_label": "browse", "model": "branchrating"}}, {"model": "contenttypes.contenttype", "pk": 18, "fields": {"app_label": "accounts", "model": "user"}}, {"model": "contenttypes.contenttype", "pk": 19, "fields": {"app_label": "accounts", "model": "delivery"}}, {"model": "contenttypes.contenttype", "pk": 20, "fields": {"app_label": "accounts", "model": "deliveryman"}}, {"model": "contenttypes.contenttype", "pk": 21, "fields": {"app_label": "accounts", "model": "order"}}, {"model": "contenttypes.contenttype", "pk": 22, "fields": {"app_label": "accounts", "model": "orderpackagelist"}}, {"model": "contenttypes.contenttype", "pk": 23, "fields": {"app_label": "accounts", "model": "payment"}}, {"model": "contenttypes.contenttype", "pk": 24, "fields": {"app_label": "accounts", "model": "restaurant"}}, {"model": "contenttypes.contenttype", "pk": 25, "fields": {"app_label": "accounts", "model": "restaurantbranch"}}, {"model": "contenttypes.contenttype", "pk": 26, "fields": {"app_label": "accounts", "model": "userprofile"}}, {"model": "contenttypes.contenttype", "pk": 27, "fields": {"app_label": "manager", "model": "menu"}}, {"model": "contenttypes.contenttype", "pk": 28, "fields": {"app_label": "customer", "model": "notificationmonitor"}}, {"model": "contenttypes.contenttype", "pk": 29, "fields": {"app_label": "customer", "model": "notification"}}, {"model": "contenttypes.contenttype", "pk": 30, "fields": {"app_label": "account", "model": "emailaddress"}}, {"model": "contenttypes.contenttype", "pk": 31, "fields": {"app_label": "account", "model": "emailconfirmation"}}, {"model": "contenttypes.contenttype", "pk": 32, "fields": {"app_label": "socialaccount", "model": "socialaccount"}}, {"model": "contenttypes.contenttype", "pk": 33, "fields": {"app_label": "socialaccount", "model": "socialapp"}}, {"model": "contenttypes.contenttype", "pk": 34, "fields": {"app_label": "socialaccount", "model": "socialtoken"}}, {"model": "sessions.session", "pk": "3e4rshy7ebfpikiso4t5r6qrze3uc2sy", "fields": {"session_data": "MDAwMDIwNDU4Nzk3MjQwNDU0MTVmMDc5ZTMxOGQ3YjY0MDc4MGFkYTp7Il9hdXRoX3VzZXJfaWQiOiI5IiwiX2F1dGhfdXNlcl9iYWNrZW5kIjoiZGphbmdvLmNvbnRyaWIuYXV0aC5iYWNrZW5kcy5Nb2RlbEJhY2tlbmQiLCJfYXV0aF91c2VyX2hhc2giOiIxYmUyOTZkY2Y4Yjc2ZGFlZTIyMzhlOGFhYjk1YTJhYjVkNmQ0Y2IxIn0=", "expire_date": "2019-09-06T12:46:33.136Z"}}, {"model": "sessions.session", "pk": "435ij68eocemp7ezo5vll7lyozsjdl8g", "fields": {"session_data": "YjA2MjBkZjExZGMyMTQxMWYyYzhiYjZjYjhmYTViNmZmMDQxYTQwNDp7Il9hdXRoX3VzZXJfaWQiOiIxNyIsIl9hdXRoX3VzZXJfYmFja2VuZCI6ImRqYW5nby5jb250cmliLmF1dGguYmFja2VuZHMuTW9kZWxCYWNrZW5kIiwiX2F1dGhfdXNlcl9oYXNoIjoiM2VmOGFlOGMyNDIxNzA3ZGRkYTFmYzE4ODZlMjU0ODNmYTVjMDdkMiJ9", "expire_date": "2019-09-15T06:47:43.266Z"}}, {"model": "sessions.session", "pk": "47eek96vwn47n1mvhdo5iy12dh0gab04", "fields": {"session_data": "OGJjMDA2NGRhOTQ5ODBiOTNkMmI1OWY1NjMyN2E0ODFmNjM2NTcxNTp7Il9hdXRoX3VzZXJfaWQiOiIxIiwiX2F1dGhfdXNlcl9iYWNrZW5kIjoiZGphbmdvLmNvbnRyaWIuYXV0aC5iYWNrZW5kcy5Nb2RlbEJhY2tlbmQiLCJfYXV0aF91c2VyX2hhc2giOiI1YWExZDVjYmU3NjA4N2Y2MDdhOGM3MmMwZDE4MzQ5MWJhZGVlNjg4In0=", "expire_date": "2019-09-22T08:04:24.970Z"}}, {"model": "sessions.session", "pk": "4ypxtphmjt85lfgdtsklhcsy3czovuw6", "fields": {"session_data": "ZTc1NzYxMTM2OTU5YzI1ZWQ1M2I3MTRkMjE2ZTQ4NDM2OWE3MWQ0Njp7ImFsbGF1dGhfZmFjZWJvb2tfbm9uY2UiOiJPUW1nbXlaaW0wcjBkbkR5UWpGZXlPbGlyVVhjV2xVUyIsIl9hdXRoX3VzZXJfaWQiOiIxMiIsIl9hdXRoX3VzZXJfYmFja2VuZCI6ImRqYW5nby5jb250cmliLmF1dGguYmFja2VuZHMuTW9kZWxCYWNrZW5kIiwiX2F1dGhfdXNlcl9oYXNoIjoiNmJlN2EwYjc4OGQ4YmUyNThkZjI5OThjYWM4ODcwOGFkZDdhYTRjNCJ9", "expire_date": "2019-09-22T08:06:41.894Z"}}, {"model": "sessions.session", "pk": "5uat7kb44yltfmwobc8wdc8efz86hod2", "fields": {"session_data": "ZDFhOTVlMDg0Y2Q2YWE1NDAyOWY5NGRmODMzNjdhNTdmYjVlZGFiOTp7Il9hdXRoX3VzZXJfaWQiOiIxNiIsIl9hdXRoX3VzZXJfYmFja2VuZCI6ImRqYW5nby5jb250cmliLmF1dGguYmFja2VuZHMuTW9kZWxCYWNrZW5kIiwiX2F1dGhfdXNlcl9oYXNoIjoiYjU2NGJjMWVmZGU5NDBlMGM1Y2FjNzlmYmU4Mjg0MWQyYmEzYTFlMSJ9", "expire_date": "2019-09-22T07:28:49.688Z"}}, {"model": "sessions.session", "pk": "6uldsroll4o83rruwe6lhnn8dbn2he1k", "fields": {"session_data": "MmE3MjljOGE0NzY4NDg2NTlhNzlkYmJhMTI1ZjE5NmFmMjc3OTFiZDp7ImFsbGF1dGhfZmFjZWJvb2tfbm9uY2UiOiJTdGZ2VlhPQlFMa1k2Z01IVHk0VVRWU01JWXJ1d2hRRyIsInNvY2lhbGFjY291bnRfc3RhdGUiOlt7InByb2Nlc3MiOiJsb2dpbiIsInNjb3BlIjoiIiwiYXV0aF9wYXJhbXMiOiIifSwiS0E1Y0hLRzFaaUNjIl0sIl9hdXRoX3VzZXJfaWQiOiIxMiIsIl9hdXRoX3VzZXJfYmFja2VuZCI6ImRqYW5nby5jb250cmliLmF1dGguYmFja2VuZHMuTW9kZWxCYWNrZW5kIiwiX2F1dGhfdXNlcl9oYXNoIjoiNmJlN2EwYjc4OGQ4YmUyNThkZjI5OThjYWM4ODcwOGFkZDdhYTRjNCJ9", "expire_date": "2019-09-14T04:16:29.085Z"}}, {"model": "sessions.session", "pk": "7y1r7dlwmd7ywplc97n3qvf7hww3y6j4", "fields": {"session_data": "NzBkM2M1ODcxOGFmNjNkMWYzNDU0YTkyOWE4MTdiMmUwZjQ5NGNkMDp7ImFsbGF1dGhfZmFjZWJvb2tfbm9uY2UiOiJJN2lrTVdMOE1jRFljSUtrOTJOWjlSYjB6WVE4UDBQUSIsIl9hdXRoX3VzZXJfaWQiOiIyIiwiX2F1dGhfdXNlcl9iYWNrZW5kIjoiZGphbmdvLmNvbnRyaWIuYXV0aC5iYWNrZW5kcy5Nb2RlbEJhY2tlbmQiLCJfYXV0aF91c2VyX2hhc2giOiIxZTcxYWNkNWZmZjE1ZjRiNGU4YWYzMjI5NzQ0MjFiMzZjNGQ4Y2YwIn0=", "expire_date": "2019-09-06T11:17:46.947Z"}}, {"model": "sessions.session", "pk": "dvat8zerz3en4l77itdnfx1kqhl4djxc", "fields": {"session_data": "OTM2YjliYzE0OTFmYWFhM2NiNDI5YWIyNDI1NjgzZDYyZGQ1OTY4YTp7Il9hdXRoX3VzZXJfaWQiOiIyMiIsIl9hdXRoX3VzZXJfYmFja2VuZCI6ImRqYW5nby5jb250cmliLmF1dGguYmFja2VuZHMuTW9kZWxCYWNrZW5kIiwiX2F1dGhfdXNlcl9oYXNoIjoiNTQ1ODk5NTk5Y2Q5MjcxOGRmMjQ5ZDIxMDljYjJjZDA1YWYxZTE2NyJ9", "expire_date": "2019-09-22T07:43:58.992Z"}}, {"model": "sessions.session", "pk": "pnwfox2ambmj6fiapa2xnpdxvxwav4nd", "fields": {"session_data": "ZDFhOTVlMDg0Y2Q2YWE1NDAyOWY5NGRmODMzNjdhNTdmYjVlZGFiOTp7Il9hdXRoX3VzZXJfaWQiOiIxNiIsIl9hdXRoX3VzZXJfYmFja2VuZCI6ImRqYW5nby5jb250cmliLmF1dGguYmFja2VuZHMuTW9kZWxCYWNrZW5kIiwiX2F1dGhfdXNlcl9oYXNoIjoiYjU2NGJjMWVmZGU5NDBlMGM1Y2FjNzlmYmU4Mjg0MWQyYmEzYTFlMSJ9", "expire_date": "2019-09-22T08:40:26.486Z"}}, {"model": "sessions.session", "pk": "ufsceivyosd6snwsvimalyihv8m9jg2h", "fields": {"session_data": "YzBlMzNhNmQ0MzUwM2RhOGQ4YmIzOTkyY2NkOTdjNjU0YTIxNGI0MDp7fQ==", "expire_date": "2019-09-06T12:21:29.158Z"}}, {"model": "sessions.session", "pk": "xvojgpwxymtjczfrinlaqz1j9yccqqz5", "fields": {"session_data": "ZDFhOTVlMDg0Y2Q2YWE1NDAyOWY5NGRmODMzNjdhNTdmYjVlZGFiOTp7Il9hdXRoX3VzZXJfaWQiOiIxNiIsIl9hdXRoX3VzZXJfYmFja2VuZCI6ImRqYW5nby5jb250cmliLmF1dGguYmFja2VuZHMuTW9kZWxCYWNrZW5kIiwiX2F1dGhfdXNlcl9oYXNoIjoiYjU2NGJjMWVmZGU5NDBlMGM1Y2FjNzlmYmU4Mjg0MWQyYmEzYTFlMSJ9", "expire_date": "2019-09-22T07:33:03.688Z"}}, {"model": "sessions.session", "pk": "z5u97e9mrsy5b524cln4ws66kuebubmp", "fields": {"session_data": "OGJjMDA2NGRhOTQ5ODBiOTNkMmI1OWY1NjMyN2E0ODFmNjM2NTcxNTp7Il9hdXRoX3VzZXJfaWQiOiIxIiwiX2F1dGhfdXNlcl9iYWNrZW5kIjoiZGphbmdvLmNvbnRyaWIuYXV0aC5iYWNrZW5kcy5Nb2RlbEJhY2tlbmQiLCJfYXV0aF91c2VyX2hhc2giOiI1YWExZDVjYmU3NjA4N2Y2MDdhOGM3MmMwZDE4MzQ5MWJhZGVlNjg4In0=", "expire_date": "2019-09-06T11:12:41.159Z"}}, {"model": "sites.site", "pk": 1, "fields": {"domain": "foodsquare.com", "name": "foodsquare"}}, {"model": "sites.site", "pk": 2, "fields": {"domain": "foodsquare.net", "name": "foodsquare"}}, {"model": "sites.site", "pk": 3, "fields": {"domain": "localhost", "name": "localhost"}}, {"model": "browse.ingredient", "pk": 1, "fields": {"name": "bun"}}, {"model": "browse.ingredient", "pk": 2, "fields": {"name": "cheese"}}, {"model": "browse.ingredient", "pk": 3, "fields": {"name": "mushroom"}}, {"model": "browse.ingredient", "pk": 4, "fields": {"name": "chicken "}}, {"model": "browse.ingredient", "pk": 15, "fields": {"name": "sausage"}}, {"model": "browse.ingredient", "pk": 16, "fields": {"name": "beef"}}, {"model": "browse.ingredient", "pk": 18, "fields": {"name": "vanilla"}}, {"model": "browse.ingredient", "pk": 19, "fields": {"name": "chicken"}}, {"model": "browse.ingredient", "pk": 20, "fields": {"name": "onion"}}, {"model": "browse.ingredient", "pk": 21, "fields": {"name": "sauce"}}, {"model": "browse.ingredient", "pk": 22, "fields": {"name": "tomato"}}, {"model": "browse.ingredient", "pk": 23, "fields": {"name": "capsicum"}}, {"model": "browse.package", "pk": 2, "fields": {"pkg_name": "Chicken Cheese Mushroom Burger", "for_n_persons": 1, "price": 210, "available": true, "image": "menu/cuisine1.jpg", "details": "", "category": "Burger", "restaurant": 1, "is_vegeterian": false}}, {"model": "browse.package", "pk": 3, "fields": {"pkg_name": "Chicken Cheese Deluxe", "for_n_persons": 1, "price": 280, "available": true, "image": "menu/cuisine1.jpg", "details": "", "category": "Burger", "restaurant": 1, "is_vegeterian": false}}, {"model": "browse.package", "pk": 5, "fields": {"pkg_name": "Mr. Perfect", "for_n_persons": 1, "price": 180, "available": true, "image": "menu/cuisine6.jpg", "details": "", "category": "Burger", "restaurant": 1, "is_vegeterian": false}}, {"model": "browse.package", "pk": 6, "fields": {"pkg_name": "Chicken Cheesegroom", "for_n_persons": 1, "price": 220, "available": true, "image": "menu/cuisine1.jpg", "details": "", "category": "Burger", "restaurant": 1, "is_vegeterian": false}}, {"model": "browse.package", "pk": 7, "fields": {"pkg_name": "Chicken Cheese Burger", "for_n_persons": 1, "price": 280, "available": true, "image": "menu/takeout_chi.jpg", "details": "", "category": "Burger", "restaurant": 2, "is_vegeterian": false}}, {"model": "browse.package", "pk": 8, "fields": {"pkg_name": "Beef Cheese Burger", "for_n_persons": 1, "price": 320, "available": true, "image": "menu/bww_burger_cheesecurdbacon_2.jpg", "details": "", "category": "Burger", "restaurant": 2, "is_vegeterian": false}}, {"model": "browse.package", "pk": 9, "fields": {"pkg_name": "BBQ Pizza", "for_n_persons": 1, "price": 720, "available": true, "image": "menu/default.png", "details": "", "category": "Pizza", "restaurant": 2, "is_vegeterian": false}}, {"model": "browse.package", "pk": 10, "fields": {"pkg_name": "Vegetable Salad", "for_n_persons": 1, "price": 750, "available": true, "image": "menu/default.png", "details": "", "category": "Vegetable", "restaurant": 2, "is_vegeterian": false}}, {"model": "browse.package", "pk": 11, "fields": {"pkg_name": "Chicken Noodles", "for_n_persons": 1, "price": 350, "available": true, "image": "menu/default.png", "details": "", "category": "Noodles", "restaurant": 2, "is_vegeterian": false}}, {"model": "browse.ingredientlist", "pk": 1, "fields": {"package": 2, "ingredient": 1}}, {"model": "browse.ingredientlist", "pk": 2, "fields": {"package": 2, "ingredient": 2}}, {"model": "browse.ingredientlist", "pk": 3, "fields": {"package": 2, "ingredient": 3}}, {"model": "browse.ingredientlist", "pk": 4, "fields": {"package": 2, "ingredient": 4}}, {"model": "browse.ingredientlist", "pk": 8, "fields": {"package": 3, "ingredient": 1}}, {"model": "browse.ingredientlist", "pk": 9, "fields": {"package": 3, "ingredient": 4}}, {"model": "browse.ingredientlist", "pk": 10, "fields": {"package": 3, "ingredient": 2}}, {"model": "browse.ingredientlist", "pk": 11, "fields": {"package": 5, "ingredient": 1}}, {"model": "browse.ingredientlist", "pk": 12, "fields": {"package": 5, "ingredient": 4}}, {"model": "browse.ingredientlist", "pk": 13, "fields": {"package": 5, "ingredient": 2}}, {"model": "browse.ingredientlist", "pk": 14, "fields": {"package": 6, "ingredient": 1}}, {"model": "browse.ingredientlist", "pk": 15, "fields": {"package": 6, "ingredient": 4}}, {"model": "browse.ingredientlist", "pk": 16, "fields": {"package": 6, "ingredient": 2}}, {"model": "browse.ingredientlist", "pk": 17, "fields": {"package": 6, "ingredient": 3}}, {"model": "browse.ingredientlist", "pk": 18, "fields": {"package": 7, "ingredient": 1}}, {"model": "browse.ingredientlist", "pk": 19, "fields": {"package": 7, "ingredient": 15}}, {"model": "browse.ingredientlist", "pk": 20, "fields": {"package": 7, "ingredient": 2}}, {"model": "browse.ingredientlist", "pk": 21, "fields": {"package": 8, "ingredient": 1}}, {"model": "browse.ingredientlist", "pk": 22, "fields": {"package": 8, "ingredient": 16}}, {"model": "browse.ingredientlist", "pk": 23, "fields": {"package": 8, "ingredient": 2}}, {"model": "browse.ingredientlist", "pk": 24, "fields": {"package": 9, "ingredient": 19}}, {"model": "browse.ingredientlist", "pk": 25, "fields": {"package": 9, "ingredient": 2}}, {"model": "browse.ingredientlist", "pk": 26, "fields": {"package": 9, "ingredient": 20}}, {"model": "browse.ingredientlist", "pk": 27, "fields": {"package": 10, "ingredient": 21}}, {"model": "browse.ingredientlist", "pk": 28, "fields": {"package": 10, "ingredient": 22}}, {"model": "browse.ingredientlist", "pk": 29, "fields": {"package": 10, "ingredient": 23}}, {"model": "browse.ingredientlist", "pk": 30, "fields": {"package": 10, "ingredient": 20}}, {"model": "browse.ingredientlist", "pk": 31, "fields": {"package": 11, "ingredient": 21}}, {"model": "browse.ingredientlist", "pk": 32, "fields": {"package": 11, "ingredient": 22}}, {"model": "browse.ingredientlist", "pk": 33, "fields": {"package": 11, "ingredient": 20}}, {"model": "browse.ingredientlist", "pk": 34, "fields": {"package": 11, "ingredient": 19}}, {"model": "browse.packagebranchdetails", "pk": 1, "fields": {"package": 2, "branch": 1, "available": true, "offer_type": "N", "offer_start_date": null, "offer_expire_date": null, "offer_discount": 0, "offer_buy_n": 1, "offer_get_n": 0}}, {"model": "browse.packagebranchdetails", "pk": 2, "fields": {"package": 3, "branch": 1, "available": true, "offer_type": "N", "offer_start_date": null, "offer_expire_date": null, "offer_discount": 0, "offer_buy_n": 1, "offer_get_n": 0}}, {"model": "browse.packagebranchdetails", "pk": 3, "fields": {"package": 5, "branch": 1, "available": true, "offer_type": "N", "offer_start_date": null, "offer_expire_date": null, "offer_discount": 0, "offer_buy_n": 1, "offer_get_n": 0}}, {"model": "browse.packagebranchdetails", "pk": 4, "fields": {"package": 6, "branch": 1, "available": true, "offer_type": "N", "offer_start_date": null, "offer_expire_date": null, "offer_discount": 0, "offer_buy_n": 1, "offer_get_n": 0}}, {"model": "browse.packagebranchdetails", "pk": 5, "fields": {"package": 7, "branch": 3, "available": true, "offer_type": "N", "offer_start_date": null, "offer_expire_date": null, "offer_discount": 0, "offer_buy_n": 1, "offer_get_n": 0}}, {"model": "browse.packagebranchdetails", "pk": 6, "fields": {"package": 8, "branch": 3, "available": true, "offer_type": "N", "offer_start_date": null, "offer_expire_date": null, "offer_discount": 0, "offer_buy_n": 1, "offer_get_n": 0}}, {"model": "browse.packagebranchdetails", "pk": 7, "fields": {"package": 8, "branch": 4, "available": true, "offer_type": "N", "offer_start_date": null, "offer_expire_date": null, "offer_discount": 0, "offer_buy_n": 1, "offer_get_n": 0}}, {"model": "browse.packagebranchdetails", "pk": 8, "fields": {"package": 7, "branch": 4, "available": true, "offer_type": "N", "offer_start_date": null, "offer_expire_date": null, "offer_discount": 0, "offer_buy_n": 1, "offer_get_n": 0}}, {"model": "browse.packagebranchdetails", "pk": 9, "fields": {"package": 9, "branch": 4, "available": true, "offer_type": "N", "offer_start_date": null, "offer_expire_date": null, "offer_discount": 0, "offer_buy_n": 1, "offer_get_n": 0}}, {"model": "browse.packagebranchdetails", "pk": 10, "fields": {"package": 9, "branch": 3, "available": true, "offer_type": "B", "offer_start_date": "2019-09-01", "offer_expire_date": "2019-09-09", "offer_discount": 0, "offer_buy_n": 2, "offer_get_n": 1}}, {"model": "browse.packagebranchdetails", "pk": 11, "fields": {"package": 10, "branch": 4, "available": true, "offer_type": "N", "offer_start_date": null, "offer_expire_date": null, "offer_discount": 0, "offer_buy_n": 1, "offer_get_n": 0}}, {"model": "browse.packagebranchdetails", "pk": 12, "fields": {"package": 10, "branch": 3, "available": true, "offer_type": "N", "offer_start_date": null, "offer_expire_date": null, "offer_discount": 0, "offer_buy_n": 1, "offer_get_n": 0}}, {"model": "browse.packagebranchdetails", "pk": 13, "fields": {"package": 11, "branch": 4, "available": true, "offer_type": "N", "offer_start_date": null, "offer_expire_date": null, "offer_discount": 0, "offer_buy_n": 1, "offer_get_n": 0}}, {"model": "browse.packagebranchdetails", "pk": 14, "fields": {"package": 11, "branch": 3, "available": true, "offer_type": "N", "offer_start_date": null, "offer_expire_date": null, "offer_discount": 0, "offer_buy_n": 1, "offer_get_n": 0}}, {"model": "accounts.payment", "pk": 1, "fields": {"price": 825.0, "payment_type": "O", "payment_status": "D", "bkash_ref": "89DaNN4KIe"}}, {"model": "accounts.payment", "pk": 2, "fields": {"price": 308.0, "payment_type": "C", "payment_status": "D", "bkash_ref": null}}, {"model": "accounts.payment", "pk": 3, "fields": {"price": 924.0, "payment_type": "C", "payment_status": "D", "bkash_ref": null}}, {"model": "accounts.payment", "pk": 4, "fields": {"price": 704.0, "payment_type": "O", "payment_status": "D", "bkash_ref": "bqaSeX9bJC"}}, {"model": "accounts.payment", "pk": 5, "fields": {"price": 704.0, "payment_type": "C", "payment_status": "D", "bkash_ref": null}}, {"model": "accounts.payment", "pk": 6, "fields": {"price": 308.0, "payment_type": "C", "payment_status": "D", "bkash_ref": null}}, {"model": "accounts.payment", "pk": 7, "fields": {"price": 1012.0, "payment_type": "C", "payment_status": "D", "bkash_ref": null}}, {"model": "accounts.payment", "pk": 8, "fields": {"price": 352.0, "payment_type": "C", "payment_status": "D", "bkash_ref": null}}, {"model": "accounts.payment", "pk": 9, "fields": {"price": 385.0, "payment_type": "C", "payment_status": "D", "bkash_ref": null}}, {"model": "accounts.payment", "pk": 10, "fields": {"price": 308.0, "payment_type": "C", "payment_status": "D", "bkash_ref": null}}, {"model": "accounts.payment", "pk": 11, "fields": {"price": 792.0, "payment_type": "C", "payment_status": "D", "bkash_ref": null}}, {"model": "accounts.payment", "pk": 12, "fields": {"price": 616.0, "payment_type": "C", "payment_status": "D", "bkash_ref": null}}, {"model": "accounts.payment", "pk": 13, "fields": {"price": 2662.0, "payment_type": "O", "payment_status": "D", "bkash_ref": "lonMtFSBVn"}}, {"model": "accounts.delivery", "pk": 1, "fields": {"address": "", "address_desc": ", , , ", "charge": 50.0, "time": "2019-09-08T06:57:07.080Z", "rating_user": 2, "rating_deliveryman": null, "deliveryman": 5}}, {"model": "accounts.delivery", "pk": 2, "fields": {"address": "", "address_desc": ", , , ", "charge": 50.0, "time": "2019-09-01T06:51:42.005Z", "rating_user": null, "rating_deliveryman": null, "deliveryman": 4}}, {"model": "accounts.delivery", "pk": 3, "fields": {"address": "Azimpur", "address_desc": ", 12, 13, ", "charge": 50.0, "time": "2019-09-01T08:12:57.531Z", "rating_user": null, "rating_deliveryman": null, "deliveryman": 5}}, {"model": "accounts.delivery", "pk": 4, "fields": {"address": "Dhanmondi", "address_desc": "1, 65, 10, 1", "charge": 50.0, "time": "2019-09-01T08:17:32.733Z", "rating_user": null, "rating_deliveryman": null, "deliveryman": 5}}, {"model": "accounts.delivery", "pk": 5, "fields": {"address": "New Market", "address_desc": "2, 15, 21, 1", "charge": 50.0, "time": "2019-09-01T08:31:16.224Z", "rating_user": null, "rating_deliveryman": null, "deliveryman": 5}}, {"model": "accounts.delivery", "pk": 6, "fields": {"address": "Azimpur", "address_desc": "14, 12, 13, 11", "charge": 50.0, "time": "2019-09-01T08:35:14.600Z", "rating_user": null, "rating_deliveryman": null, "deliveryman": 5}}, {"model": "accounts.delivery", "pk": 7, "fields": {"address": "Dhanmondi", "address_desc": "7, 4, 1, 1", "charge": 50.0, "time": "2019-09-01T08:35:14.606Z", "rating_user": null, "rating_deliveryman": null, "deliveryman": 5}}, {"model": "accounts.delivery", "pk": 8, "fields": {"address": "Azimpur", "address_desc": ", 7, 1, ", "charge": 50.0, "time": "2019-09-01T08:35:14.644Z", "rating_user": null, "rating_deliveryman": null, "deliveryman": 5}}, {"model": "accounts.delivery", "pk": 9, "fields": {"address": "Azimpur", "address_desc": ", 81, 1, ", "charge": 50.0, "time": "2019-09-01T08:39:44.903Z", "rating_user": null, "rating_deliveryman": null, "deliveryman": 4}}, {"model": "accounts.delivery", "pk": 10, "fields": {"address": "Dhanmondi", "address_desc": ", 61, 17, ", "charge": 50.0, "time": "2019-09-01T08:39:19.418Z", "rating_user": null, "rating_deliveryman": null, "deliveryman": 5}}, {"model": "accounts.delivery", "pk": 11, "fields": {"address": "Azimpur", "address_desc": ", 43, 1, ", "charge": 50.0, "time": "2019-09-08T07:49:02.898Z", "rating_user": null, "rating_deliveryman": null, "deliveryman": 4}}, {"model": "accounts.delivery", "pk": 12, "fields": {"address": "Azimpur", "address_desc": ", 14, 1, ", "charge": 50.0, "time": "2019-09-08T08:14:40.262Z", "rating_user": null, "rating_deliveryman": null, "deliveryman": null}}, {"model": "accounts.delivery", "pk": 13, "fields": {"address": "Azimpur", "address_desc": ", 17, 1, ", "charge": 50.0, "time": "2019-09-08T08:21:33.037Z", "rating_user": null, "rating_deliveryman": null, "deliveryman": null}}, {"model": "accounts.orderpackagelist", "pk": 1, "fields": {"order": 1, "package": 10, "quantity": 1, "price": 750.0}}, {"model": "accounts.orderpackagelist", "pk": 2, "fields": {"order": 2, "package": 7, "quantity": 1, "price": 280.0}}, {"model": "accounts.orderpackagelist", "pk": 3, "fields": {"order": 3, "package": 7, "quantity": 3, "price": 840.0}}, {"model": "accounts.orderpackagelist", "pk": 4, "fields": {"order": 4, "package": 8, "quantity": 2, "price": 640.0}}, {"model": "accounts.orderpackagelist", "pk": 5, "fields": {"order": 5, "package": 8, "quantity": 2, "price": 640.0}}, {"model": "accounts.orderpackagelist", "pk": 6, "fields": {"order": 6, "package": 7, "quantity": 1, "price": 280.0}}, {"model": "accounts.orderpackagelist", "pk": 7, "fields": {"order": 7, "package": 7, "quantity": 1, "price": 280.0}}, {"model": "accounts.orderpackagelist", "pk": 8, "fields": {"order": 7, "package": 8, "quantity": 2, "price": 640.0}}, {"model": "accounts.orderpackagelist", "pk": 9, "fields": {"order": 8, "package": 8, "quantity": 1, "price": 320.0}}, {"model": "accounts.orderpackagelist", "pk": 10, "fields": {"order": 9, "package": 11, "quantity": 1, "price": 350.0}}, {"model": "accounts.orderpackagelist", "pk": 11, "fields": {"order": 10, "package": 7, "quantity": 1, "price": 280.0}}, {"model": "accounts.orderpackagelist", "pk": 12, "fields": {"order": 11, "package": 9, "quantity": 1, "price": 720.0}}, {"model": "accounts.orderpackagelist", "pk": 13, "fields": {"order": 12, "package": 7, "quantity": 2, "price": 560.0}}, {"model": "accounts.orderpackagelist", "pk": 14, "fields": {"order": 13, "package": 11, "quantity": 2, "price": 700.0}}, {"model": "accounts.orderpackagelist", "pk": 15, "fields": {"order": 13, "package": 7, "quantity": 1, "price": 280.0}}, {"model": "accounts.orderpackagelist", "pk": 16, "fields": {"order": 13, "package": 9, "quantity": 3, "price": 1440.0}}, {"model": "socialaccount.socialapp", "pk": 1, "fields": {"provider": "facebook", "name": "foodsquare", "client_id": "2213513975398382", "secret": "13ff209e35f44dba1091ac0754eae339", "key": "", "sites": [1, 2, 3]}}, {"model": "auth.permission", "pk": 1, "fields": {"name": "Can add log entry", "content_type": 1, "codename": "add_logentry"}}, {"model": "auth.permission", "pk": 2, "fields": {"name": "Can change log entry", "content_type": 1, "codename": "change_logentry"}}, {"model": "auth.permission", "pk": 3, "fields": {"name": "Can delete log entry", "content_type": 1, "codename": "delete_logentry"}}, {"model": "auth.permission", "pk": 4, "fields": {"name": "Can view log entry", "content_type": 1, "codename": "view_logentry"}}, {"model": "auth.permission", "pk": 5, "fields": {"name": "Can add permission", "content_type": 2, "codename": "add_permission"}}, {"model": "auth.permission", "pk": 6, "fields": {"name": "Can change permission", "content_type": 2, "codename": "change_permission"}}, {"model": "auth.permission", "pk": 7, "fields": {"name": "Can delete permission", "content_type": 2, "codename": "delete_permission"}}, {"model": "auth.permission", "pk": 8, "fields": {"name": "Can view permission", "content_type": 2, "codename": "view_permission"}}, {"model": "auth.permission", "pk": 9, "fields": {"name": "Can add group", "content_type": 3, "codename": "add_group"}}, {"model": "auth.permission", "pk": 10, "fields": {"name": "Can change group", "content_type": 3, "codename": "change_group"}}, {"model": "auth.permission", "pk": 11, "fields": {"name": "Can delete group", "content_type": 3, "codename": "delete_group"}}, {"model": "auth.permission", "pk": 12, "fields": {"name": "Can view group", "content_type": 3, "codename": "view_group"}}, {"model": "auth.permission", "pk": 13, "fields": {"name": "Can add content type", "content_type": 4, "codename": "add_contenttype"}}, {"model": "auth.permission", "pk": 14, "fields": {"name": "Can change content type", "content_type": 4, "codename": "change_contenttype"}}, {"model": "auth.permission", "pk": 15, "fields": {"name": "Can delete content type", "content_type": 4, "codename": "delete_contenttype"}}, {"model": "auth.permission", "pk": 16, "fields": {"name": "Can view content type", "content_type": 4, "codename": "view_contenttype"}}, {"model": "auth.permission", "pk": 17, "fields": {"name": "Can add session", "content_type": 5, "codename": "add_session"}}, {"model": "auth.permission", "pk": 18, "fields": {"name": "Can change session", "content_type": 5, "codename": "change_session"}}, {"model": "auth.permission", "pk": 19, "fields": {"name": "Can delete session", "content_type": 5, "codename": "delete_session"}}, {"model": "auth.permission", "pk": 20, "fields": {"name": "Can view session", "content_type": 5, "codename": "view_session"}}, {"model": "auth.permission", "pk": 21, "fields": {"name": "Can add site", "content_type": 6, "codename": "add_site"}}, {"model": "auth.permission", "pk": 22, "fields": {"name": "Can change site", "content_type": 6, "codename": "change_site"}}, {"model": "auth.permission", "pk": 23, "fields": {"name": "Can delete site", "content_type": 6, "codename": "delete_site"}}, {"model": "auth.permission", "pk": 24, "fields": {"name": "Can view site", "content_type": 6, "codename": "view_site"}}, {"model": "auth.permission", "pk": 25, "fields": {"name": "Can add Branch Comment", "content_type": 7, "codename": "add_branchcomment"}}, {"model": "auth.permission", "pk": 26, "fields": {"name": "Can change Branch Comment", "content_type": 7, "codename": "change_branchcomment"}}, {"model": "auth.permission", "pk": 27, "fields": {"name": "Can delete Branch Comment", "content_type": 7, "codename": "delete_branchcomment"}}, {"model": "auth.permission", "pk": 28, "fields": {"name": "Can view Branch Comment", "content_type": 7, "codename": "view_branchcomment"}}, {"model": "auth.permission", "pk": 29, "fields": {"name": "Can add Ingredient", "content_type": 8, "codename": "add_ingredient"}}, {"model": "auth.permission", "pk": 30, "fields": {"name": "Can change Ingredient", "content_type": 8, "codename": "change_ingredient"}}, {"model": "auth.permission", "pk": 31, "fields": {"name": "Can delete Ingredient", "content_type": 8, "codename": "delete_ingredient"}}, {"model": "auth.permission", "pk": 32, "fields": {"name": "Can view Ingredient", "content_type": 8, "codename": "view_ingredient"}}, {"model": "auth.permission", "pk": 33, "fields": {"name": "Can add IngredientList", "content_type": 9, "codename": "add_ingredientlist"}}, {"model": "auth.permission", "pk": 34, "fields": {"name": "Can change IngredientList", "content_type": 9, "codename": "change_ingredientlist"}}, {"model": "auth.permission", "pk": 35, "fields": {"name": "Can delete IngredientList", "content_type": 9, "codename": "delete_ingredientlist"}}, {"model": "auth.permission", "pk": 36, "fields": {"name": "Can view IngredientList", "content_type": 9, "codename": "view_ingredientlist"}}, {"model": "auth.permission", "pk": 37, "fields": {"name": "Can add Package", "content_type": 10, "codename": "add_package"}}, {"model": "auth.permission", "pk": 38, "fields": {"name": "Can change Package", "content_type": 10, "codename": "change_package"}}, {"model": "auth.permission", "pk": 39, "fields": {"name": "Can delete Package", "content_type": 10, "codename": "delete_package"}}, {"model": "auth.permission", "pk": 40, "fields": {"name": "Can view Package", "content_type": 10, "codename": "view_package"}}, {"model": "auth.permission", "pk": 41, "fields": {"name": "Can add Package Comment", "content_type": 11, "codename": "add_packagecomment"}}, {"model": "auth.permission", "pk": 42, "fields": {"name": "Can change Package Comment", "content_type": 11, "codename": "change_packagecomment"}}, {"model": "auth.permission", "pk": 43, "fields": {"name": "Can delete Package Comment", "content_type": 11, "codename": "delete_packagecomment"}}, {"model": "auth.permission", "pk": 44, "fields": {"name": "Can view Package Comment", "content_type": 11, "codename": "view_packagecomment"}}, {"model": "auth.permission", "pk": 45, "fields": {"name": "Can add User Offer Details of Branch", "content_type": 12, "codename": "add_useroffer"}}, {"model": "auth.permission", "pk": 46, "fields": {"name": "Can change User Offer Details of Branch", "content_type": 12, "codename": "change_useroffer"}}, {"model": "auth.permission", "pk": 47, "fields": {"name": "Can delete User Offer Details of Branch", "content_type": 12, "codename": "delete_useroffer"}}, {"model": "auth.permission", "pk": 48, "fields": {"name": "Can view User Offer Details of Branch", "content_type": 12, "codename": "view_useroffer"}}, {"model": "auth.permission", "pk": 49, "fields": {"name": "Can add Package Rating", "content_type": 13, "codename": "add_packagerating"}}, {"model": "auth.permission", "pk": 50, "fields": {"name": "Can change Package Rating", "content_type": 13, "codename": "change_packagerating"}}, {"model": "auth.permission", "pk": 51, "fields": {"name": "Can delete Package Rating", "content_type": 13, "codename": "delete_packagerating"}}, {"model": "auth.permission", "pk": 52, "fields": {"name": "Can view Package Rating", "content_type": 13, "codename": "view_packagerating"}}, {"model": "auth.permission", "pk": 53, "fields": {"name": "Can add Package Comment React", "content_type": 14, "codename": "add_packagecommentreact"}}, {"model": "auth.permission", "pk": 54, "fields": {"name": "Can change Package Comment React", "content_type": 14, "codename": "change_packagecommentreact"}}, {"model": "auth.permission", "pk": 55, "fields": {"name": "Can delete Package Comment React", "content_type": 14, "codename": "delete_packagecommentreact"}}, {"model": "auth.permission", "pk": 56, "fields": {"name": "Can view Package Comment React", "content_type": 14, "codename": "view_packagecommentreact"}}, {"model": "auth.permission", "pk": 57, "fields": {"name": "Can add Package Details of Branch", "content_type": 15, "codename": "add_packagebranchdetails"}}, {"model": "auth.permission", "pk": 58, "fields": {"name": "Can change Package Details of Branch", "content_type": 15, "codename": "change_packagebranchdetails"}}, {"model": "auth.permission", "pk": 59, "fields": {"name": "Can delete Package Details of Branch", "content_type": 15, "codename": "delete_packagebranchdetails"}}, {"model": "auth.permission", "pk": 60, "fields": {"name": "Can view Package Details of Branch", "content_type": 15, "codename": "view_packagebranchdetails"}}, {"model": "auth.permission", "pk": 61, "fields": {"name": "Can add Branch Comment React", "content_type": 16, "codename": "add_branchcommentreact"}}, {"model": "auth.permission", "pk": 62, "fields": {"name": "Can change Branch Comment React", "content_type": 16, "codename": "change_branchcommentreact"}}, {"model": "auth.permission", "pk": 63, "fields": {"name": "Can delete Branch Comment React", "content_type": 16, "codename": "delete_branchcommentreact"}}, {"model": "auth.permission", "pk": 64, "fields": {"name": "Can view Branch Comment React", "content_type": 16, "codename": "view_branchcommentreact"}}, {"model": "auth.permission", "pk": 65, "fields": {"name": "Can add Branch Rating", "content_type": 17, "codename": "add_branchrating"}}, {"model": "auth.permission", "pk": 66, "fields": {"name": "Can change Branch Rating", "content_type": 17, "codename": "change_branchrating"}}, {"model": "auth.permission", "pk": 67, "fields": {"name": "Can delete Branch Rating", "content_type": 17, "codename": "delete_branchrating"}}, {"model": "auth.permission", "pk": 68, "fields": {"name": "Can view Branch Rating", "content_type": 17, "codename": "view_branchrating"}}, {"model": "auth.permission", "pk": 69, "fields": {"name": "Can add User", "content_type": 18, "codename": "add_user"}}, {"model": "auth.permission", "pk": 70, "fields": {"name": "Can change User", "content_type": 18, "codename": "change_user"}}, {"model": "auth.permission", "pk": 71, "fields": {"name": "Can delete User", "content_type": 18, "codename": "delete_user"}}, {"model": "auth.permission", "pk": 72, "fields": {"name": "Can view User", "content_type": 18, "codename": "view_user"}}, {"model": "auth.permission", "pk": 73, "fields": {"name": "Can add Delivery", "content_type": 19, "codename": "add_delivery"}}, {"model": "auth.permission", "pk": 74, "fields": {"name": "Can change Delivery", "content_type": 19, "codename": "change_delivery"}}, {"model": "auth.permission", "pk": 75, "fields": {"name": "Can delete Delivery", "content_type": 19, "codename": "delete_delivery"}}, {"model": "auth.permission", "pk": 76, "fields": {"name": "Can view Delivery", "content_type": 19, "codename": "view_delivery"}}, {"model": "auth.permission", "pk": 77, "fields": {"name": "Can add DeliveryMan", "content_type": 20, "codename": "add_deliveryman"}}, {"model": "auth.permission", "pk": 78, "fields": {"name": "Can change DeliveryMan", "content_type": 20, "codename": "change_deliveryman"}}, {"model": "auth.permission", "pk": 79, "fields": {"name": "Can delete DeliveryMan", "content_type": 20, "codename": "delete_deliveryman"}}, {"model": "auth.permission", "pk": 80, "fields": {"name": "Can view DeliveryMan", "content_type": 20, "codename": "view_deliveryman"}}, {"model": "auth.permission", "pk": 81, "fields": {"name": "Can add Order", "content_type": 21, "codename": "add_order"}}, {"model": "auth.permission", "pk": 82, "fields": {"name": "Can change Order", "content_type": 21, "codename": "change_order"}}, {"model": "auth.permission", "pk": 83, "fields": {"name": "Can delete Order", "content_type": 21, "codename": "delete_order"}}, {"model": "auth.permission", "pk": 84, "fields": {"name": "Can view Order", "content_type": 21, "codename": "view_order"}}, {"model": "auth.permission", "pk": 85, "fields": {"name": "Can add OrderPackageList", "content_type": 22, "codename": "add_orderpackagelist"}}, {"model": "auth.permission", "pk": 86, "fields": {"name": "Can change OrderPackageList", "content_type": 22, "codename": "change_orderpackagelist"}}, {"model": "auth.permission", "pk": 87, "fields": {"name": "Can delete OrderPackageList", "content_type": 22, "codename": "delete_orderpackagelist"}}, {"model": "auth.permission", "pk": 88, "fields": {"name": "Can view OrderPackageList", "content_type": 22, "codename": "view_orderpackagelist"}}, {"model": "auth.permission", "pk": 89, "fields": {"name": "Can add Payment", "content_type": 23, "codename": "add_payment"}}, {"model": "auth.permission", "pk": 90, "fields": {"name": "Can change Payment", "content_type": 23, "codename": "change_payment"}}, {"model": "auth.permission", "pk": 91, "fields": {"name": "Can delete Payment", "content_type": 23, "codename": "delete_payment"}}, {"model": "auth.permission", "pk": 92, "fields": {"name": "Can view Payment", "content_type": 23, "codename": "view_payment"}}, {"model": "auth.permission", "pk": 93, "fields": {"name": "Can add Restaurant", "content_type": 24, "codename": "add_restaurant"}}, {"model": "auth.permission", "pk": 94, "fields": {"name": "Can change Restaurant", "content_type": 24, "codename": "change_restaurant"}}, {"model": "auth.permission", "pk": 95, "fields": {"name": "Can delete Restaurant", "content_type": 24, "codename": "delete_restaurant"}}, {"model": "auth.permission", "pk": 96, "fields": {"name": "Can view Restaurant", "content_type": 24, "codename": "view_restaurant"}}, {"model": "auth.permission", "pk": 97, "fields": {"name": "Can add Branch", "content_type": 25, "codename": "add_restaurantbranch"}}, {"model": "auth.permission", "pk": 98, "fields": {"name": "Can change Branch", "content_type": 25, "codename": "change_restaurantbranch"}}, {"model": "auth.permission", "pk": 99, "fields": {"name": "Can delete Branch", "content_type": 25, "codename": "delete_restaurantbranch"}}, {"model": "auth.permission", "pk": 100, "fields": {"name": "Can view Branch", "content_type": 25, "codename": "view_restaurantbranch"}}, {"model": "auth.permission", "pk": 101, "fields": {"name": "Can add user profile", "content_type": 26, "codename": "add_userprofile"}}, {"model": "auth.permission", "pk": 102, "fields": {"name": "Can change user profile", "content_type": 26, "codename": "change_userprofile"}}, {"model": "auth.permission", "pk": 103, "fields": {"name": "Can delete user profile", "content_type": 26, "codename": "delete_userprofile"}}, {"model": "auth.permission", "pk": 104, "fields": {"name": "Can view user profile", "content_type": 26, "codename": "view_userprofile"}}, {"model": "auth.permission", "pk": 105, "fields": {"name": "Can add menu", "content_type": 27, "codename": "add_menu"}}, {"model": "auth.permission", "pk": 106, "fields": {"name": "Can change menu", "content_type": 27, "codename": "change_menu"}}, {"model": "auth.permission", "pk": 107, "fields": {"name": "Can delete menu", "content_type": 27, "codename": "delete_menu"}}, {"model": "auth.permission", "pk": 108, "fields": {"name": "Can view menu", "content_type": 27, "codename": "view_menu"}}, {"model": "auth.permission", "pk": 109, "fields": {"name": "Can add notification monitor", "content_type": 28, "codename": "add_notificationmonitor"}}, {"model": "auth.permission", "pk": 110, "fields": {"name": "Can change notification monitor", "content_type": 28, "codename": "change_notificationmonitor"}}, {"model": "auth.permission", "pk": 111, "fields": {"name": "Can delete notification monitor", "content_type": 28, "codename": "delete_notificationmonitor"}}, {"model": "auth.permission", "pk": 112, "fields": {"name": "Can view notification monitor", "content_type": 28, "codename": "view_notificationmonitor"}}, {"model": "auth.permission", "pk": 113, "fields": {"name": "Can add notification", "content_type": 29, "codename": "add_notification"}}, {"model": "auth.permission", "pk": 114, "fields": {"name": "Can change notification", "content_type": 29, "codename": "change_notification"}}, {"model": "auth.permission", "pk": 115, "fields": {"name": "Can delete notification", "content_type": 29, "codename": "delete_notification"}}, {"model": "auth.permission", "pk": 116, "fields": {"name": "Can view notification", "content_type": 29, "codename": "view_notification"}}, {"model": "auth.permission", "pk": 117, "fields": {"name": "Can add email address", "content_type": 30, "codename": "add_emailaddress"}}, {"model": "auth.permission", "pk": 118, "fields": {"name": "Can change email address", "content_type": 30, "codename": "change_emailaddress"}}, {"model": "auth.permission", "pk": 119, "fields": {"name": "Can delete email address", "content_type": 30, "codename": "delete_emailaddress"}}, {"model": "auth.permission", "pk": 120, "fields": {"name": "Can view email address", "content_type": 30, "codename": "view_emailaddress"}}, {"model": "auth.permission", "pk": 121, "fields": {"name": "Can add email confirmation", "content_type": 31, "codename": "add_emailconfirmation"}}, {"model": "auth.permission", "pk": 122, "fields": {"name": "Can change email confirmation", "content_type": 31, "codename": "change_emailconfirmation"}}, {"model": "auth.permission", "pk": 123, "fields": {"name": "Can delete email confirmation", "content_type": 31, "codename": "delete_emailconfirmation"}}, {"model": "auth.permission", "pk": 124, "fields": {"name": "Can view email confirmation", "content_type": 31, "codename": "view_emailconfirmation"}}, {"model": "auth.permission", "pk": 125, "fields": {"name": "Can add social account", "content_type": 32, "codename": "add_socialaccount"}}, {"model": "auth.permission", "pk": 126, "fields": {"name": "Can change social account", "content_type": 32, "codename": "change_socialaccount"}}, {"model": "auth.permission", "pk": 127, "fields": {"name": "Can delete social account", "content_type": 32, "codename": "delete_socialaccount"}}, {"model": "auth.permission", "pk": 128, "fields": {"name": "Can view social account", "content_type": 32, "codename": "view_socialaccount"}}, {"model": "auth.permission", "pk": 129, "fields": {"name": "Can add social application", "content_type": 33, "codename": "add_socialapp"}}, {"model": "auth.permission", "pk": 130, "fields": {"name": "Can change social application", "content_type": 33, "codename": "change_socialapp"}}, {"model": "auth.permission", "pk": 131, "fields": {"name": "Can delete social application", "content_type": 33, "codename": "delete_socialapp"}}, {"model": "auth.permission", "pk": 132, "fields": {"name": "Can view social application", "content_type": 33, "codename": "view_socialapp"}}, {"model": "auth.permission", "pk": 133, "fields": {"name": "Can add social application token", "content_type": 34, "codename": "add_socialtoken"}}, {"model": "auth.permission", "pk": 134, "fields": {"name": "Can change social application token", "content_type": 34, "codename": "change_socialtoken"}}, {"model": "auth.permission", "pk": 135, "fields": {"name": "Can delete social application token", "content_type": 34, "codename": "delete_socialtoken"}}, {"model": "auth.permission", "pk": 136, "fields": {"name": "Can view social application token", "content_type": 34, "codename": "view_socialtoken"}}, {"model": "accounts.user", "pk": 1, "fields": {"password": "pbkdf2_sha256$150000$Xm2zvsuzuxeQ$C3XNmDorzoRX9rjFdsGuh3eVVf1AqYzO933lwBv7wT0=", "last_login": "2019-09-08T08:04:24.951Z", "is_superuser": true, "username": "admin", "first_name": "", "last_name": "", "email": "admin@localhost", "is_staff": true, "is_active": true, "date_joined": "2019-08-23T11:12:16.391Z", "is_customer": false, "is_manager": false, "is_branch_manager": false, "is_delivery_man": false, "groups": [], "user_permissions": []}}, {"model": "accounts.user", "pk": 2, "fields": {"password": "pbkdf2_sha256$150000$XtlCygeZRvbb$Sg9jSPagXBuPZySYWOa0TtdG+gnDSN3DkXGatTAaV9U=", "last_login": "2019-08-23T11:17:46.926Z", "is_superuser": false, "username": "subangkar", "first_name": "", "last_name": "", "email": "subangkar.karmaker@gmail.com", "is_staff": false, "is_active": true, "date_joined": "2019-08-23T11:17:46.653Z", "is_customer": true, "is_manager": false, "is_branch_manager": false, "is_delivery_man": false, "groups": [], "user_permissions": []}}, {"model": "accounts.user", "pk": 3, "fields": {"password": "pbkdf2_sha256$150000$aWKsJR1KdzTY$yggGvWwI+FP/PUDuLMnGqkRgXp88HgxhAxn3f5HFf0Q=", "last_login": "2019-09-01T06:32:17.494Z", "is_superuser": false, "username": "mrburgeradmin", "first_name": "", "last_name": "", "email": "a@b.com", "is_staff": false, "is_active": true, "date_joined": "2019-08-23T11:39:06.748Z", "is_customer": false, "is_manager": true, "is_branch_manager": false, "is_delivery_man": false, "groups": [], "user_permissions": []}}, {"model": "accounts.user", "pk": 4, "fields": {"password": "pbkdf2_sha256$150000$oubzgx78Pluh$MT1NNSmJxOU58qKF28hC3v9FkFe9LwbkNDJ5eX43tFg=", "last_login": "2019-09-01T09:25:24.351Z", "is_superuser": false, "username": "takeoutadmin", "first_name": "", "last_name": "", "email": "a@b.com", "is_staff": false, "is_active": true, "date_joined": "2019-08-23T11:39:35.505Z", "is_customer": false, "is_manager": true, "is_branch_manager": false, "is_delivery_man": false, "groups": [], "user_permissions": []}}, {"model": "accounts.user", "pk": 5, "fields": {"password": "pbkdf2_sha256$150000$tjcDVC4ffIRE$2YXLtH8SUd2GfVTOSjnqCdY/VAtNie7vF70n5b8LepY=", "last_login": "2019-08-23T11:40:04.772Z", "is_superuser": false, "username": "pizzainnadmin", "first_name": "", "last_name": "", "email": "a@b.com", "is_staff": false, "is_active": true, "date_joined": "2019-08-23T11:40:04.504Z", "is_customer": false, "is_manager": true, "is_branch_manager": false, "is_delivery_man": false, "groups": [], "user_permissions": []}}, {"model": "accounts.user", "pk": 6, "fields": {"password": "pbkdf2_sha256$150000$gKrAReCBB9L4$ZDH7oWsRb9rSHzQqvs7a+z3uh8iD0bDjuoLdYpXEP1E=", "last_login": "2019-09-01T06:53:25.066Z", "is_superuser": false, "username": "pizzaguyadmin", "first_name": "", "last_name": "", "email": "a@b.com", "is_staff": false, "is_active": true, "date_joined": "2019-08-23T11:40:51.474Z", "is_customer": false, "is_manager": true, "is_branch_manager": false, "is_delivery_man": false, "groups": [], "user_permissions": []}}, {"model": "accounts.user", "pk": 7, "fields": {"password": "pbkdf2_sha256$150000$vizOZtUUU11e$7vy2zVyInCVq2qhragWm2kWV9ByMiOWMM05+yWiTO2A=", "last_login": "2019-09-01T06:32:57.224Z", "is_superuser": false, "username": "mrburgerkhilgaonadmin", "first_name": "", "last_name": "", "email": "a@b.com", "is_staff": false, "is_active": true, "date_joined": "2019-08-23T11:42:39.591Z", "is_customer": false, "is_manager": false, "is_branch_manager": true, "is_delivery_man": false, "groups": [], "user_permissions": []}}, {"model": "accounts.user", "pk": 9, "fields": {"password": "pbkdf2_sha256$150000$ZN6PbqRkuCwx$dyksgAopnM6NeYXxJsV/WEvQitp0YIemgVBhhNF1xgs=", "last_login": "2019-09-08T08:16:13.386Z", "is_superuser": false, "username": "takeoutdmdadmin", "first_name": "", "last_name": "", "email": "a@b.com", "is_staff": false, "is_active": true, "date_joined": "2019-08-23T12:23:26.369Z", "is_customer": false, "is_manager": false, "is_branch_manager": true, "is_delivery_man": false, "groups": [], "user_permissions": []}}, {"model": "accounts.user", "pk": 10, "fields": {"password": "pbkdf2_sha256$150000$M1fsFr2Wmi5d$429IfWx+pBMbjWrmUvglVWHAjpiSCHRdo/vsilT4518=", "last_login": "2019-08-23T12:40:26.648Z", "is_superuser": false, "username": "takeoutgulshanadmin", "first_name": "", "last_name": "", "email": "a@b.com", "is_staff": false, "is_active": true, "date_joined": "2019-08-23T12:40:26.507Z", "is_customer": false, "is_manager": false, "is_branch_manager": true, "is_delivery_man": false, "groups": [], "user_permissions": []}}, {"model": "accounts.user", "pk": 11, "fields": {"password": "pbkdf2_sha256$150000$uJymb3udKhsZ$pH3aGokaQu2jdBeGdjo1pZx6w9arysSYl3Ijr9LUrsk=", "last_login": "2019-08-23T14:26:31.097Z", "is_superuser": false, "username": "intruder", "first_name": "", "last_name": "", "email": "a@b.com", "is_staff": false, "is_active": true, "date_joined": "2019-08-23T14:26:30.865Z", "is_customer": true, "is_manager": false, "is_branch_manager": false, "is_delivery_man": false, "groups": [], "user_permissions": []}}, {"model": "accounts.user", "pk": 12, "fields": {"password": "pbkdf2_sha256$150000$l5XXlsNVgsQ0$7dULSFZ2TxEQM22L+tzEq+mbIKuGoVKKFBJyXBuJrvM=", "last_login": "2019-09-08T08:06:41.889Z", "is_superuser": false, "username": "saquib", "first_name": "", "last_name": "", "email": "mohaimin0312sam@gmail.com", "is_staff": false, "is_active": true, "date_joined": "2019-08-31T04:16:28.967Z", "is_customer": true, "is_manager": false, "is_branch_manager": false, "is_delivery_man": false, "groups": [], "user_permissions": []}}, {"model": "accounts.user", "pk": 13, "fields": {"password": "pbkdf2_sha256$150000$jhaHeUmHbww3$A6iEIpioIGclz3O6zbuJdiahLSFNcP+UVMKNycW9cFU=", "last_login": "2019-09-01T05:13:21.115Z", "is_superuser": false, "username": "khg1", "first_name": "", "last_name": "", "email": "khg1@gmail.com", "is_staff": false, "is_active": true, "date_joined": "2019-09-01T05:13:21.003Z", "is_customer": false, "is_manager": false, "is_branch_manager": false, "is_delivery_man": true, "groups": [], "user_permissions": []}}, {"model": "accounts.user", "pk": 14, "fields": {"password": "pbkdf2_sha256$150000$ofYtG891uWS8$q6VQfW0FJdT1OJFAGL/V81VRB57osNwqepqzyOgusiA=", "last_login": "2019-09-01T06:31:20.130Z", "is_superuser": false, "username": "khg2", "first_name": "", "last_name": "", "email": "khg2@gmail.com", "is_staff": false, "is_active": true, "date_joined": "2019-09-01T06:31:19.981Z", "is_customer": false, "is_manager": false, "is_branch_manager": false, "is_delivery_man": true, "groups": [], "user_permissions": []}}, {"model": "accounts.user", "pk": 15, "fields": {"password": "pbkdf2_sha256$150000$ccnI2Lr3gdQB$Qrg0xjzobXE1JowMVGqPpPC6MkTdSUDe9zMF/3CNVUg=", "last_login": "2019-09-01T06:40:46.687Z", "is_superuser": false, "username": "dmd1", "first_name": "", "last_name": "", "email": "dmd1@gmail.com", "is_staff": false, "is_active": true, "date_joined": "2019-09-01T06:40:46.586Z", "is_customer": false, "is_manager": false, "is_branch_manager": false, "is_delivery_man": true, "groups": [], "user_permissions": []}}, {"model": "accounts.user", "pk": 16, "fields": {"password": "pbkdf2_sha256$150000$lGRrPWmrI2Pu$Q5QaPHhi7jTo+80Iqgq2muoaJNeWCw29u7Z6igpOGHc=", "last_login": "2019-09-08T08:40:26.482Z", "is_superuser": false, "username": "dmd2", "first_name": "", "last_name": "", "email": "dmd2@gmail.com", "is_staff": false, "is_active": true, "date_joined": "2019-09-01T06:45:04.733Z", "is_customer": false, "is_manager": false, "is_branch_manager": false, "is_delivery_man": true, "groups": [], "user_permissions": []}}, {"model": "accounts.user", "pk": 17, "fields": {"password": "pbkdf2_sha256$150000$H7M4Jn0obj1H$Bk1EEkLIiiF1APJCqyWI5/nLlEbyCBVn/df0Fdc+F/8=", "last_login": "2019-09-01T06:47:43.264Z", "is_superuser": false, "username": "dmd3", "first_name": "", "last_name": "", "email": "dmd3@gmail.com", "is_staff": false, "is_active": true, "date_joined": "2019-09-01T06:47:43.160Z", "is_customer": false, "is_manager": false, "is_branch_manager": false, "is_delivery_man": true, "groups": [], "user_permissions": []}}, {"model": "accounts.user", "pk": 18, "fields": {"password": "pbkdf2_sha256$150000$TtffPJpFQdOJ$Yc7Ok+xWg6r8PCfhBjUNn3wuY+JzpjH5OW3d3qaTpuM=", "last_login": "2019-09-01T07:44:57.184Z", "is_superuser": false, "username": "pizzaguydmdadmin", "first_name": "", "last_name": "", "email": "a@b.com", "is_staff": false, "is_active": true, "date_joined": "2019-09-01T07:44:57.080Z", "is_customer": false, "is_manager": false, "is_branch_manager": true, "is_delivery_man": false, "groups": [], "user_permissions": []}}, {"model": "accounts.user", "pk": 19, "fields": {"password": "pbkdf2_sha256$150000$r2HGRIdGhe1J$smgtaT75tE5W5sbk4g6na3hjjDTzJDbfAh2fe4vaydo=", "last_login": "2019-09-08T07:37:24.290Z", "is_superuser": false, "username": "absolutebbqadmin", "first_name": "", "last_name": "", "email": "absolutebbqadmin@gmail.com", "is_staff": false, "is_active": true, "date_joined": "2019-09-08T07:37:24.176Z", "is_customer": false, "is_manager": true, "is_branch_manager": false, "is_delivery_man": false, "groups": [], "user_permissions": []}}, {"model": "accounts.user", "pk": 20, "fields": {"password": "pbkdf2_sha256$150000$5UhoQzAOJmEJ$POAATDn9rFwPn5zofb1KNzGzx4577nBxOIyzhJm+NDc=", "last_login": "2019-09-08T07:39:49.010Z", "is_superuser": false, "username": "cafeloginadmin", "first_name": "", "last_name": "", "email": "cafeloginadmin@gmail.com", "is_staff": false, "is_active": true, "date_joined": "2019-09-08T07:39:48.908Z", "is_customer": false, "is_manager": true, "is_branch_manager": false, "is_delivery_man": false, "groups": [], "user_permissions": []}}, {"model": "accounts.user", "pk": 21, "fields": {"password": "pbkdf2_sha256$150000$AqGm95isyF75$jHshN6IPSOFXyU/ijOVjTGEP0HUem41KLZTxSv6x/s8=", "last_login": "2019-09-08T07:41:00.755Z", "is_superuser": false, "username": "cafedarbaradmin", "first_name": "", "last_name": "", "email": "cafedarbaradmin@gmail.com", "is_staff": false, "is_active": true, "date_joined": "2019-09-08T07:41:00.665Z", "is_customer": false, "is_manager": true, "is_branch_manager": false, "is_delivery_man": false, "groups": [], "user_permissions": []}}, {"model": "accounts.user", "pk": 22, "fields": {"password": "pbkdf2_sha256$150000$HBRHqzfv0hNY$zBXV4ShsN/njjpdiA4rx7S3fNQs80LwA6HgO/b+ebgA=", "last_login": "2019-09-08T07:43:58.984Z", "is_superuser": false, "username": "boomerscafeadmin", "first_name": "", "last_name": "", "email": "boomerscafeadmin@gmail.com", "is_staff": false, "is_active": true, "date_joined": "2019-09-08T07:43:58.875Z", "is_customer": false, "is_manager": true, "is_branch_manager": false, "is_delivery_man": false, "groups": [], "user_permissions": []}}, {"model": "accounts.userprofile", "pk": 1, "fields": {"user": 2, "first_name": "Subangkar", "last_name": "Karmaker", "address": "Shantibag", "avatar": "avatars/cute-cat-cartoon-character-illustration-34141795.jpg"}}, {"model": "accounts.userprofile", "pk": 2, "fields": {"user": 11, "first_name": null, "last_name": null, "address": null, "avatar": "avatars/default.png"}}, {"model": "accounts.userprofile", "pk": 3, "fields": {"user": 12, "first_name": null, "last_name": null, "address": null, "avatar": "avatars/default.png"}}, {"model": "accounts.restaurant", "pk": 1, "fields": {"user": 3, "restaurant_name": "Mr. Burger", "restaurant_key": "pj7qzsfPEH", "trade_license": "12324124", "restaurantImg": "restaurant_img/mrburger.png"}}, {"model": "accounts.restaurant", "pk": 2, "fields": {"user": 4, "restaurant_name": "Takeout", "restaurant_key": "dHTGTgJnYB", "trade_license": "0987644", "restaurantImg": "restaurant_img/takeout.jpg"}}, {"model": "accounts.restaurant", "pk": 3, "fields": {"user": 5, "restaurant_name": "Pizza Inn", "restaurant_key": "wr4q3bvxOn", "trade_license": "26478234", "restaurantImg": "restaurant_img/pizzainn.png"}}, {"model": "accounts.restaurant", "pk": 4, "fields": {"user": 6, "restaurant_name": "Pizza Guy", "restaurant_key": "9Il1K4EIQH", "trade_license": "123456", "restaurantImg": "restaurant_img/pizzaguy.png"}}, {"model": "accounts.restaurant", "pk": 5, "fields": {"user": 19, "restaurant_name": "Absolute BBQ", "restaurant_key": "Zjp3fAorse", "trade_license": "123481", "restaurantImg": "restaurant_img/default.png"}}, {"model": "accounts.restaurant", "pk": 6, "fields": {"user": 20, "restaurant_name": "Cafe Login", "restaurant_key": "tyWuc5fJ7P", "trade_license": "7562349", "restaurantImg": "restaurant_img/default.png"}}, {"model": "accounts.restaurant", "pk": 7, "fields": {"user": 21, "restaurant_name": "Cafe Darbar", "restaurant_key": "Pv1AwMTO1s", "trade_license": "8761324", "restaurantImg": "restaurant_img/default.png"}}, {"model": "accounts.restaurant", "pk": 8, "fields": {"user": 22, "restaurant_name": "Boomers Cafe", "restaurant_key": "6URzWnqjPh", "trade_license": "7652349", "restaurantImg": "restaurant_img/default.png"}}, {"model": "accounts.restaurantbranch", "pk": 1, "fields": {"user": 7, "branch_name": "Mr. Burger Khilgaon", "branch_location": "23.75232600,90.42021880", "branch_location_details": "", "location_area": "Khilgaaon", "branch_phonenum": "", "branch_mobilenum": "", "branch_email": "", "running": false, "opening_time": 9.0, "closing_time": 23.0, "restaurant": 1}}, {"model": "accounts.restaurantbranch", "pk": 3, "fields": {"user": 9, "branch_name": "Takeout Dhanmondi", "branch_location": "23.74458820,90.37204430", "branch_location_details": "", "location_area": "Lalmatia", "branch_phonenum": "", "branch_mobilenum": "", "branch_email": "", "running": false, "opening_time": 9.0, "closing_time": 23.0, "restaurant": 2}}, {"model": "accounts.restaurantbranch", "pk": 4, "fields": {"user": 10, "branch_name": "Takeout Gulshan", "branch_location": "23.79211490,90.40227390", "branch_location_details": "", "location_area": "Gulshan", "branch_phonenum": "", "branch_mobilenum": "", "branch_email": "", "running": false, "opening_time": 9.0, "closing_time": 23.0, "restaurant": 2}}, {"model": "accounts.restaurantbranch", "pk": 5, "fields": {"user": 18, "branch_name": "Pizza Guy Dhanmondi", "branch_location": "23.75042397,450.37312210", "branch_location_details": "", "location_area": "Dhanmondi R/A", "branch_phonenum": "", "branch_mobilenum": "", "branch_email": "", "running": false, "opening_time": 9.0, "closing_time": 23.0, "restaurant": 4}}, {"model": "accounts.deliveryman", "pk": 1, "fields": {"name": "khg1", "contactNum": "1234", "address": "Khilgaaon", "nid": "1267523", "user": 13, "avatar": "avatars/default.png"}}, {"model": "accounts.deliveryman", "pk": 2, "fields": {"name": "khg2", "contactNum": "654123", "address": "Khilgaaon", "nid": "1234", "user": 14, "avatar": "avatars/default.png"}}, {"model": "accounts.deliveryman", "pk": 3, "fields": {"name": "dmd1", "contactNum": "8717682", "address": "", "nid": "122785", "user": 15, "avatar": "avatars/default.png"}}, {"model": "accounts.deliveryman", "pk": 4, "fields": {"name": "dmd2", "contactNum": "182652", "address": "Lalmatia", "nid": "76412", "user": 16, "avatar": "avatars/default.png"}}, {"model": "accounts.deliveryman", "pk": 5, "fields": {"name": "dmd3", "contactNum": "8756213", "address": "Lalmatia", "nid": "56412", "user": 17, "avatar": "avatars/default.png"}}, {"model": "accounts.order", "pk": 1, "fields": {"time": "2019-09-01T08:20:05.514Z", "user": 12, "delivery": 1, "payment": 1, "branch": 3, "mobileNo": "", "order_status": "DELIVERED"}}, {"model": "accounts.order", "pk": 2, "fields": {"time": "2019-09-01T08:24:19.609Z", "user": 12, "delivery": 2, "payment": 2, "branch": 3, "mobileNo": "", "order_status": "DELIVERED"}}, {"model": "accounts.order", "pk": 3, "fields": {"time": "2019-09-01T08:20:05.543Z", "user": 12, "delivery": 3, "payment": 3, "branch": 3, "mobileNo": "876123", "order_status": "DELIVERED"}}, {"model": "accounts.order", "pk": 4, "fields": {"time": "2019-09-01T08:20:05.557Z", "user": 12, "delivery": 4, "payment": 4, "branch": 3, "mobileNo": "01928787192", "order_status": "DELIVERED"}}, {"model": "accounts.order", "pk": 5, "fields": {"time": "2019-09-01T08:31:27.128Z", "user": 12, "delivery": 5, "payment": 5, "branch": 3, "mobileNo": "998162", "order_status": "DELIVERED"}}, {"model": "accounts.order", "pk": 6, "fields": {"time": "2019-09-01T08:35:14.614Z", "user": 12, "delivery": 6, "payment": 6, "branch": 3, "mobileNo": "087123", "order_status": "DELIVERING"}}, {"model": "accounts.order", "pk": 7, "fields": {"time": "2019-09-01T08:35:14.618Z", "user": 12, "delivery": 7, "payment": 7, "branch": 3, "mobileNo": "0178263", "order_status": "DELIVERING"}}, {"model": "accounts.order", "pk": 8, "fields": {"time": "2019-09-01T08:35:14.654Z", "user": 12, "delivery": 8, "payment": 8, "branch": 3, "mobileNo": "9928634", "order_status": "DELIVERING"}}, {"model": "accounts.order", "pk": 9, "fields": {"time": "2019-09-08T07:49:41.282Z", "user": 12, "delivery": 9, "payment": 9, "branch": 3, "mobileNo": "0917234", "order_status": "DELIVERED"}}, {"model": "accounts.order", "pk": 10, "fields": {"time": "2019-09-01T08:40:22.537Z", "user": 12, "delivery": 10, "payment": 10, "branch": 3, "mobileNo": "097124", "order_status": "DELIVERED"}}, {"model": "accounts.order", "pk": 11, "fields": {"time": "2019-09-08T07:53:36.770Z", "user": 12, "delivery": 11, "payment": 11, "branch": 3, "mobileNo": "0297834", "order_status": "DELIVERED"}}, {"model": "accounts.order", "pk": 12, "fields": {"time": "2019-09-08T08:22:38.097Z", "user": 12, "delivery": 12, "payment": 12, "branch": 3, "mobileNo": "98124", "order_status": "PROCESSING"}}, {"model": "accounts.order", "pk": 13, "fields": {"time": "2019-09-08T08:22:43.898Z", "user": 12, "delivery": 13, "payment": 13, "branch": 3, "mobileNo": "987124", "order_status": "PROCESSING"}}, {"model": "customer.notification", "pk": 1, "fields": {"message": "You have a new notification", "time": "2019-08-24T18:25:06.102Z", "read": true, "read_time": "2019-08-25T08:26:14.536Z", "user": 2}}, {"model": "customer.notification", "pk": 2, "fields": {"message": "You have a new notification", "time": "2019-08-24T18:29:32.546Z", "read": true, "read_time": "2019-08-25T08:26:14.535Z", "user": 2}}, {"model": "customer.notification", "pk": 3, "fields": {"message": "You have a new notification", "time": "2019-08-24T18:40:52.628Z", "read": true, "read_time": "2019-08-25T08:26:14.533Z", "user": 2}}, {"model": "customer.notification", "pk": 4, "fields": {"message": "You have a new notification", "time": "2019-08-24T18:42:26.217Z", "read": true, "read_time": "2019-08-25T08:26:14.529Z", "user": 2}}, {"model": "customer.notification", "pk": 5, "fields": {"message": "You have a new notification", "time": "2019-08-24T18:42:27.653Z", "read": true, "read_time": "2019-08-25T08:26:14.528Z", "user": 2}}, {"model": "customer.notification", "pk": 6, "fields": {"message": "You have a new notification", "time": "2019-08-24T18:42:28.403Z", "read": true, "read_time": "2019-08-25T08:26:14.527Z", "user": 2}}, {"model": "customer.notification", "pk": 7, "fields": {"message": "You have a new notification", "time": "2019-08-25T05:26:23.552Z", "read": true, "read_time": "2019-08-25T08:26:14.525Z", "user": 2}}, {"model": "customer.notification", "pk": 8, "fields": {"message": "You have a new notification", "time": "2019-08-25T05:29:10.365Z", "read": true, "read_time": "2019-08-25T08:26:14.524Z", "user": 2}}, {"model": "customer.notification", "pk": 9, "fields": {"message": "You have a new notification", "time": "2019-08-25T05:33:25.796Z", "read": true, "read_time": "2019-08-25T08:26:14.523Z", "user": 2}}, {"model": "customer.notification", "pk": 10, "fields": {"message": "You have a new notification", "time": "2019-08-25T05:40:41.418Z", "read": true, "read_time": "2019-08-25T08:26:14.521Z", "user": 2}}, {"model": "customer.notification", "pk": 11, "fields": {"message": "You have a new notification", "time": "2019-08-25T06:15:17.462Z", "read": true, "read_time": "2019-08-25T08:26:14.520Z", "user": 2}}, {"model": "customer.notification", "pk": 12, "fields": {"message": "You have a new notification", "time": "2019-08-25T06:33:24.621Z", "read": true, "read_time": "2019-08-25T08:26:14.517Z", "user": 2}}, {"model": "customer.notification", "pk": 13, "fields": {"message": "You have a new notification", "time": "2019-08-25T07:01:54.534Z", "read": true, "read_time": "2019-08-25T08:26:14.537Z", "user": 2}}, {"model": "customer.notification", "pk": 14, "fields": {"message": "You have a new notification", "time": "2019-08-25T07:06:06.302Z", "read": true, "read_time": "2019-08-25T08:26:14.499Z", "user": 2}}, {"model": "customer.notification", "pk": 15, "fields": {"message": "You have a new notification", "time": "2019-08-25T07:06:07.128Z", "read": true, "read_time": "2019-08-25T08:26:14.506Z", "user": 2}}, {"model": "customer.notification", "pk": 16, "fields": {"message": "You have a new notification", "time": "2019-08-25T07:08:47.537Z", "read": true, "read_time": "2019-08-25T08:26:14.507Z", "user": 2}}, {"model": "customer.notification", "pk": 17, "fields": {"message": "You have a new notification", "time": "2019-08-25T07:08:48.319Z", "read": true, "read_time": "2019-08-25T08:26:14.511Z", "user": 2}}, {"model": "customer.notification", "pk": 18, "fields": {"message": "You have a new notification", "time": "2019-08-25T07:09:39.222Z", "read": true, "read_time": "2019-08-25T08:26:14.513Z", "user": 2}}, {"model": "customer.notification", "pk": 19, "fields": {"message": "You have a new notification", "time": "2019-08-25T07:09:40.199Z", "read": true, "read_time": "2019-08-25T08:26:14.516Z", "user": 2}}, {"model": "customer.notification", "pk": 20, "fields": {"message": "You have a new notification", "time": "2019-08-25T08:16:24.503Z", "read": true, "read_time": "2019-08-25T08:26:14.539Z", "user": 2}}, {"model": "customer.notification", "pk": 21, "fields": {"message": "You have a new notification", "time": "2019-08-25T08:16:49.209Z", "read": true, "read_time": "2019-08-25T08:26:14.540Z", "user": 2}}, {"model": "customer.notification", "pk": 22, "fields": {"message": "You have a new notification", "time": "2019-08-25T08:16:50.607Z", "read": true, "read_time": "2019-08-25T08:26:14.541Z", "user": 2}}, {"model": "customer.notification", "pk": 23, "fields": {"message": "You have a new notification", "time": "2019-08-25T08:25:45.016Z", "read": true, "read_time": "2019-08-25T08:26:14.508Z", "user": 2}}, {"model": "customer.notification", "pk": 24, "fields": {"message": "You have a new notification", "time": "2019-08-25T08:25:45.889Z", "read": true, "read_time": "2019-08-25T08:26:14.510Z", "user": 2}}, {"model": "customer.notification", "pk": 25, "fields": {"message": "You have a new notification", "time": "2019-08-25T08:27:37.937Z", "read": false, "read_time": null, "user": 2}}, {"model": "customer.notification", "pk": 26, "fields": {"message": "You have a new notification", "time": "2019-08-25T08:27:38.675Z", "read": false, "read_time": null, "user": 2}}, {"model": "customer.notification", "pk": 27, "fields": {"message": "Your order:1 from Takeout Dhanmondi with 1 items has been placed in manager's queue for confirmation.", "time": "2019-08-31T05:17:20.748Z", "read": true, "read_time": "2019-09-08T08:24:46.810Z", "user": 12}}, {"model": "customer.notification", "pk": 28, "fields": {"message": "Your order:1 from Takeout Dhanmondi has been confirmed and pending for delivery.", "time": "2019-08-31T05:21:21.841Z", "read": true, "read_time": "2019-09-08T08:24:46.809Z", "user": 12}}, {"model": "customer.notification", "pk": 29, "fields": {"message": "Your order:1 from Takeout Dhanmondi has been proceeded to deliver.\nWait for deliveryman to reach at your delivery address", "time": "2019-09-01T06:47:51.698Z", "read": true, "read_time": "2019-09-08T08:24:46.863Z", "user": 12}}, {"model": "customer.notification", "pk": 30, "fields": {"message": "Your order:2 from Takeout Dhanmondi with 1 items has been placed in manager's queue for confirmation.", "time": "2019-09-01T06:49:02.582Z", "read": true, "read_time": "2019-09-08T08:24:46.862Z", "user": 12}}, {"model": "customer.notification", "pk": 31, "fields": {"message": "Your order:2 from Takeout Dhanmondi has been confirmed and pending for delivery.", "time": "2019-09-01T06:51:12.269Z", "read": true, "read_time": "2019-09-08T08:24:46.859Z", "user": 12}}, {"model": "customer.notification", "pk": 32, "fields": {"message": "Your order:2 from Takeout Dhanmondi has been proceeded to deliver.\nWait for deliveryman to reach at your delivery address", "time": "2019-09-01T06:51:38.557Z", "read": true, "read_time": "2019-09-08T08:24:46.856Z", "user": 12}}, {"model": "customer.notification", "pk": 33, "fields": {"message": "Your order:2 from Takeout Dhanmondi has been proceeded to deliver.\nWait for deliveryman to reach at your delivery address", "time": "2019-09-01T06:51:42.013Z", "read": true, "read_time": "2019-09-08T08:24:46.870Z", "user": 12}}, {"model": "customer.notification", "pk": 34, "fields": {"message": "Your order:3 from Takeout Dhanmondi with 1 items has been placed in manager's queue for confirmation.", "time": "2019-09-01T07:41:42.563Z", "read": true, "read_time": "2019-09-08T08:24:46.867Z", "user": 12}}, {"model": "customer.notification", "pk": 35, "fields": {"message": "Your order:3 from Takeout Dhanmondi has been confirmed and pending for delivery.", "time": "2019-09-01T08:12:23.247Z", "read": true, "read_time": "2019-09-08T08:24:46.864Z", "user": 12}}, {"model": "customer.notification", "pk": 36, "fields": {"message": "Your order: 3 from Takeout Dhanmondi has been proceeded to deliver.\nWait for deliveryman to reach at your delivery address", "time": "2019-09-01T08:12:57.539Z", "read": true, "read_time": "2019-09-08T08:24:46.866Z", "user": 12}}, {"model": "customer.notification", "pk": 37, "fields": {"message": "Your order:4 from Takeout Dhanmondi with 1 items has been placed in manager's queue for confirmation.", "time": "2019-09-01T08:16:50.958Z", "read": true, "read_time": "2019-09-08T08:24:46.814Z", "user": 12}}, {"model": "customer.notification", "pk": 38, "fields": {"message": "Your order:4 from Takeout Dhanmondi has been confirmed and pending for delivery.", "time": "2019-09-01T08:16:58.676Z", "read": true, "read_time": "2019-09-08T08:24:46.816Z", "user": 12}}, {"model": "customer.notification", "pk": 39, "fields": {"message": "Your order: 4 from Takeout Dhanmondi has been proceeded to deliver.\nWait for deliveryman to reach at your delivery address", "time": "2019-09-01T08:17:32.743Z", "read": true, "read_time": "2019-09-08T08:24:46.818Z", "user": 12}}, {"model": "customer.notification", "pk": 40, "fields": {"message": "Your order: 1 from Takeout Dhanmondi was delivered to your delivery address", "time": "2019-09-01T08:20:05.530Z", "read": true, "read_time": "2019-09-08T08:24:46.820Z", "user": 12}}, {"model": "customer.notification", "pk": 41, "fields": {"message": "Your order: 3 from Takeout Dhanmondi was delivered to your delivery address", "time": "2019-09-01T08:20:05.558Z", "read": true, "read_time": "2019-09-08T08:24:46.823Z", "user": 12}}, {"model": "customer.notification", "pk": 42, "fields": {"message": "Your order: 4 from Takeout Dhanmondi was delivered to your delivery address", "time": "2019-09-01T08:20:05.566Z", "read": true, "read_time": "2019-09-08T08:24:46.825Z", "user": 12}}, {"model": "customer.notification", "pk": 43, "fields": {"message": "Your order: 2 from Takeout Dhanmondi was delivered to your delivery address", "time": "2019-09-01T08:24:19.620Z", "read": true, "read_time": "2019-09-08T08:24:46.827Z", "user": 12}}, {"model": "customer.notification", "pk": 44, "fields": {"message": "Your order:5 from Takeout Dhanmondi with 1 items has been placed in manager's queue for confirmation.", "time": "2019-09-01T08:30:06.303Z", "read": true, "read_time": "2019-09-08T08:24:46.836Z", "user": 12}}, {"model": "customer.notification", "pk": 45, "fields": {"message": "Your order:5 from Takeout Dhanmondi has been confirmed and pending for delivery.", "time": "2019-09-01T08:31:02.970Z", "read": true, "read_time": "2019-09-08T08:24:46.838Z", "user": 12}}, {"model": "customer.notification", "pk": 46, "fields": {"message": "Your order: 5 from Takeout Dhanmondi has been proceeded to deliver.\nWait for deliveryman to reach at your delivery address", "time": "2019-09-01T08:31:16.234Z", "read": true, "read_time": "2019-09-08T08:24:46.839Z", "user": 12}}, {"model": "customer.notification", "pk": 47, "fields": {"message": "Your order: 5 from Takeout Dhanmondi was delivered to your delivery address", "time": "2019-09-01T08:31:27.137Z", "read": true, "read_time": "2019-09-08T08:24:46.767Z", "user": 12}}, {"model": "customer.notification", "pk": 48, "fields": {"message": "Your order:6 from Takeout Dhanmondi with 1 items has been placed in manager's queue for confirmation.", "time": "2019-09-01T08:33:18.094Z", "read": true, "read_time": "2019-09-08T08:24:46.805Z", "user": 12}}, {"model": "customer.notification", "pk": 49, "fields": {"message": "Your order:7 from Takeout Dhanmondi with 2 items has been placed in manager's queue for confirmation.", "time": "2019-09-01T08:34:02.548Z", "read": true, "read_time": "2019-09-08T08:24:46.807Z", "user": 12}}, {"model": "customer.notification", "pk": 50, "fields": {"message": "Your order:8 from Takeout Dhanmondi with 1 items has been placed in manager's queue for confirmation.", "time": "2019-09-01T08:34:32.713Z", "read": true, "read_time": "2019-09-08T08:24:46.811Z", "user": 12}}, {"model": "customer.notification", "pk": 51, "fields": {"message": "Your order:6 from Takeout Dhanmondi has been confirmed and pending for delivery.", "time": "2019-09-01T08:34:38.664Z", "read": true, "read_time": "2019-09-08T08:24:46.813Z", "user": 12}}, {"model": "customer.notification", "pk": 52, "fields": {"message": "Your order:8 from Takeout Dhanmondi has been confirmed and pending for delivery.", "time": "2019-09-01T08:34:38.695Z", "read": true, "read_time": "2019-09-08T08:24:46.828Z", "user": 12}}, {"model": "customer.notification", "pk": 53, "fields": {"message": "Your order:7 from Takeout Dhanmondi has been confirmed and pending for delivery.", "time": "2019-09-01T08:34:38.698Z", "read": true, "read_time": "2019-09-08T08:24:46.830Z", "user": 12}}, {"model": "customer.notification", "pk": 54, "fields": {"message": "Your order: 7 from Takeout Dhanmondi has been proceeded to deliver.\nWait for deliveryman to reach at your delivery address", "time": "2019-09-01T08:35:14.629Z", "read": true, "read_time": "2019-09-08T08:24:46.832Z", "user": 12}}, {"model": "customer.notification", "pk": 55, "fields": {"message": "Your order: 6 from Takeout Dhanmondi has been proceeded to deliver.\nWait for deliveryman to reach at your delivery address", "time": "2019-09-01T08:35:14.647Z", "read": true, "read_time": "2019-09-08T08:24:46.833Z", "user": 12}}, {"model": "customer.notification", "pk": 56, "fields": {"message": "Your order: 8 from Takeout Dhanmondi has been proceeded to deliver.\nWait for deliveryman to reach at your delivery address", "time": "2019-09-01T08:35:14.669Z", "read": true, "read_time": "2019-09-08T08:24:46.835Z", "user": 12}}, {"model": "customer.notification", "pk": 57, "fields": {"message": "Your order:9 from Takeout Dhanmondi with 1 items has been placed in manager's queue for confirmation.", "time": "2019-09-01T08:37:13.260Z", "read": true, "read_time": "2019-09-08T08:24:46.841Z", "user": 12}}, {"model": "customer.notification", "pk": 58, "fields": {"message": "Your order:10 from Takeout Dhanmondi with 1 items has been placed in manager's queue for confirmation.", "time": "2019-09-01T08:37:55.553Z", "read": true, "read_time": "2019-09-08T08:24:46.847Z", "user": 12}}, {"model": "customer.notification", "pk": 59, "fields": {"message": "Your order:11 from Takeout Dhanmondi with 1 items has been placed in manager's queue for confirmation.", "time": "2019-09-01T08:38:21.578Z", "read": true, "read_time": "2019-09-08T08:24:46.852Z", "user": 12}}, {"model": "customer.notification", "pk": 60, "fields": {"message": "Your order:10 from Takeout Dhanmondi has been confirmed and pending for delivery.", "time": "2019-09-01T08:38:53.856Z", "read": true, "read_time": "2019-09-08T08:24:46.853Z", "user": 12}}, {"model": "customer.notification", "pk": 61, "fields": {"message": "Your order:9 from Takeout Dhanmondi has been confirmed and pending for delivery.", "time": "2019-09-01T08:38:58.285Z", "read": true, "read_time": "2019-09-08T08:24:46.855Z", "user": 12}}, {"model": "customer.notification", "pk": 62, "fields": {"message": "Your order:11 from Takeout Dhanmondi has been confirmed and pending for delivery.", "time": "2019-09-01T08:39:00.425Z", "read": true, "read_time": "2019-09-08T08:24:46.873Z", "user": 12}}, {"model": "customer.notification", "pk": 63, "fields": {"message": "Your order: 10 from Takeout Dhanmondi has been proceeded to deliver.\nWait for deliveryman to reach at your delivery address", "time": "2019-09-01T08:39:19.434Z", "read": true, "read_time": "2019-09-08T08:24:46.874Z", "user": 12}}, {"model": "customer.notification", "pk": 64, "fields": {"message": "Your order: 9 from Takeout Dhanmondi has been proceeded to deliver.\nWait for deliveryman to reach at your delivery address", "time": "2019-09-01T08:39:44.916Z", "read": true, "read_time": "2019-09-08T08:24:46.876Z", "user": 12}}, {"model": "customer.notification", "pk": 65, "fields": {"message": "Your order: 10 from Takeout Dhanmondi was delivered to your delivery address", "time": "2019-09-01T08:40:22.544Z", "read": true, "read_time": "2019-09-08T08:24:46.877Z", "user": 12}}, {"model": "customer.notification", "pk": 66, "fields": {"message": "Your order:11 from Takeout Dhanmondi has been proceeded to deliver.\nWait for deliveryman to reach at your delivery address", "time": "2019-09-08T07:49:02.912Z", "read": true, "read_time": "2019-09-08T08:24:46.880Z", "user": 12}}, {"model": "customer.notification", "pk": 67, "fields": {"message": "Your order:9 from Takeout Dhanmondi was delivered to your delivery address", "time": "2019-09-08T07:49:41.291Z", "read": true, "read_time": "2019-09-08T08:24:46.883Z", "user": 12}}, {"model": "customer.notification", "pk": 68, "fields": {"message": "Your order:11 from Takeout Dhanmondi was delivered to your delivery address", "time": "2019-09-08T07:53:36.781Z", "read": true, "read_time": "2019-09-08T08:24:46.887Z", "user": 12}}, {"model": "customer.notification", "pk": 69, "fields": {"message": "Your order:12 from Takeout Dhanmondi with 1 items has been placed in manager's queue for confirmation.", "time": "2019-09-08T08:14:40.286Z", "read": true, "read_time": "2019-09-08T08:24:46.890Z", "user": 12}}, {"model": "customer.notification", "pk": 70, "fields": {"message": "Your order: 13 from Takeout Dhanmondi with 3 items has been placed in manager's queue for confirmation.", "time": "2019-09-08T08:21:33.069Z", "read": true, "read_time": "2019-09-08T08:24:46.891Z", "user": 12}}, {"model": "customer.notification", "pk": 71, "fields": {"message": "Your order:12 from Takeout Dhanmondi has been confirmed and pending for delivery.", "time": "2019-09-08T08:22:38.108Z", "read": true, "read_time": "2019-09-08T08:24:46.892Z", "user": 12}}, {"model": "customer.notification", "pk": 72, "fields": {"message": "Your order:13 from Takeout Dhanmondi has been confirmed and pending for delivery.", "time": "2019-09-08T08:22:43.908Z", "read": true, "read_time": "2019-09-08T08:24:46.893Z", "user": 12}}, {"model": "customer.notificationmonitor", "pk": 2, "fields": {"user": 2, "last_push_time": "2019-08-25T08:27:38.675Z", "last_pop_time": "2019-08-25T05:27:19.018Z"}}, {"model": "customer.notificationmonitor", "pk": 3, "fields": {"user": 1, "last_push_time": "2019-08-24T18:03:33.245Z", "last_pop_time": "2019-08-24T18:03:33.245Z"}}, {"model": "customer.notificationmonitor", "pk": 4, "fields": {"user": 5, "last_push_time": "2019-08-24T18:03:33.328Z", "last_pop_time": "2019-08-24T18:03:33.328Z"}}, {"model": "customer.notificationmonitor", "pk": 5, "fields": {"user": 6, "last_push_time": "2019-08-24T18:03:33.330Z", "last_pop_time": "2019-08-24T18:03:33.330Z"}}, {"model": "customer.notificationmonitor", "pk": 6, "fields": {"user": 7, "last_push_time": "2019-08-24T18:03:33.333Z", "last_pop_time": "2019-08-24T18:03:33.333Z"}}, {"model": "customer.notificationmonitor", "pk": 7, "fields": {"user": 3, "last_push_time": "2019-08-24T18:03:33.335Z", "last_pop_time": "2019-08-24T18:19:20.031Z"}}, {"model": "customer.notificationmonitor", "pk": 8, "fields": {"user": 10, "last_push_time": "2019-08-24T18:03:33.337Z", "last_pop_time": "2019-08-24T18:03:33.337Z"}}, {"model": "customer.notificationmonitor", "pk": 9, "fields": {"user": 9, "last_push_time": "2019-08-24T18:03:33.340Z", "last_pop_time": "2019-08-24T18:03:33.340Z"}}, {"model": "customer.notificationmonitor", "pk": 10, "fields": {"user": 4, "last_push_time": "2019-08-24T18:03:33.342Z", "last_pop_time": "2019-08-24T18:03:33.342Z"}}, {"model": "customer.notificationmonitor", "pk": 11, "fields": {"user": 11, "last_push_time": "2019-08-24T18:03:33.344Z", "last_pop_time": "2019-08-24T18:03:33.344Z"}}, {"model": "customer.notificationmonitor", "pk": 12, "fields": {"user": 12, "last_push_time": "2019-09-08T08:22:43.908Z", "last_pop_time": "2019-08-31T04:16:29.065Z"}}, {"model": "customer.notificationmonitor", "pk": 13, "fields": {"user": 13, "last_push_time": "2019-09-01T05:13:21.103Z", "last_pop_time": "2019-09-01T05:13:21.103Z"}}, {"model": "customer.notificationmonitor", "pk": 14, "fields": {"user": 14, "last_push_time": "2019-09-01T06:31:20.120Z", "last_pop_time": "2019-09-01T06:31:20.120Z"}}, {"model": "customer.notificationmonitor", "pk": 15, "fields": {"user": 15, "last_push_time": "2019-09-01T06:40:46.679Z", "last_pop_time": "2019-09-01T06:40:46.679Z"}}, {"model": "customer.notificationmonitor", "pk": 16, "fields": {"user": 16, "last_push_time": "2019-09-01T06:45:04.825Z", "last_pop_time": "2019-09-01T06:45:04.825Z"}}, {"model": "customer.notificationmonitor", "pk": 17, "fields": {"user": 17, "last_push_time": "2019-09-01T06:47:43.256Z", "last_pop_time": "2019-09-01T06:47:43.256Z"}}, {"model": "customer.notificationmonitor", "pk": 18, "fields": {"user": 18, "last_push_time": "2019-09-01T07:44:57.173Z", "last_pop_time": "2019-09-01T07:44:57.173Z"}}, {"model": "customer.notificationmonitor", "pk": 19, "fields": {"user": 19, "last_push_time": "2019-09-08T07:37:24.277Z", "last_pop_time": "2019-09-08T07:37:24.277Z"}}, {"model": "customer.notificationmonitor", "pk": 20, "fields": {"user": 20, "last_push_time": "2019-09-08T07:39:49.000Z", "last_pop_time": "2019-09-08T07:39:49.000Z"}}, {"model": "customer.notificationmonitor", "pk": 21, "fields": {"user": 21, "last_push_time": "2019-09-08T07:41:00.747Z", "last_pop_time": "2019-09-08T07:41:00.747Z"}}, {"model": "customer.notificationmonitor", "pk": 22, "fields": {"user": 22, "last_push_time": "2019-09-08T07:43:58.974Z", "last_pop_time": "2019-09-08T07:43:58.974Z"}}, {"model": "browse.branchcommentreact", "pk": 1, "fields": {"post": 1, "user": 2, "liked": true, "disliked": false}}, {"model": "browse.branchcomment", "pk": 1, "fields": {"comment": "This is the best restaurant in this area", "time": "2019-08-25T06:25:25.766Z", "branch": 1, "user": 2}}, {"model": "browse.packagecommentreact", "pk": 1, "fields": {"post": 3, "user": 2, "liked": true, "disliked": false}}, {"model": "browse.packagecommentreact", "pk": 2, "fields": {"post": 4, "user": 2, "liked": true, "disliked": false}}, {"model": "browse.packagecommentreact", "pk": 3, "fields": {"post": 4, "user": 12, "liked": false, "disliked": true}}, {"model": "browse.packagecommentreact", "pk": 4, "fields": {"post": 5, "user": 12, "liked": false, "disliked": true}}, {"model": "browse.packagecomment", "pk": 1, "fields": {"comment": "This is a very good item", "time": "2019-08-23T14:13:55.175Z", "package": 7, "user": 2}}, {"model": "browse.packagecomment", "pk": 2, "fields": {"comment": "This is waste of money !!!!", "time": "2019-08-23T14:27:09.646Z", "package": 7, "user": 11}}, {"model": "browse.packagecomment", "pk": 3, "fields": {"comment": "This is very good", "time": "2019-08-25T05:49:52.941Z", "package": 2, "user": 2}}, {"model": "browse.packagecomment", "pk": 4, "fields": {"comment": "This is the best burger you will ever eat. :D", "time": "2019-08-25T06:19:00.644Z", "package": 6, "user": 2}}, {"model": "browse.packagecomment", "pk": 5, "fields": {"comment": "", "time": "2019-08-31T05:05:31.548Z", "package": 6, "user": 12}}, {"model": "browse.packagerating", "pk": 3, "fields": {"rating": 5, "package": 7, "user": 2}}, {"model": "browse.packagerating", "pk": 4, "fields": {"rating": 3, "package": 7, "user": 11}}, {"model": "browse.packagerating", "pk": 5, "fields": {"rating": 4, "package": 2, "user": 2}}, {"model": "browse.packagerating", "pk": 6, "fields": {"rating": 3, "package": 6, "user": 12}}, {"model": "browse.packagerating", "pk": 7, "fields": {"rating": 4, "package": 7, "user": 12}}, {"model": "browse.packagerating", "pk": 8, "fields": {"rating": 5, "package": 5, "user": 12}}, {"model": "admin.logentry", "pk": 1, "fields": {"action_time": "2019-08-23T11:13:02.651Z", "user": 1, "content_type": 6, "object_id": "1", "object_repr": "example.com", "action_flag": 3, "change_message": ""}}, {"model": "admin.logentry", "pk": 2, "fields": {"action_time": "2019-08-23T11:13:14.821Z", "user": 1, "content_type": 6, "object_id": "2", "object_repr": "foodsquare.com", "action_flag": 1, "change_message": "[{\"added\": {}}]"}}, {"model": "admin.logentry", "pk": 3, "fields": {"action_time": "2019-08-23T11:13:28.892Z", "user": 1, "content_type": 6, "object_id": "3", "object_repr": "foodsquare.net", "action_flag": 1, "change_message": "[{\"added\": {}}]"}}, {"model": "admin.logentry", "pk": 4, "fields": {"action_time": "2019-08-23T11:13:37.140Z", "user": 1, "content_type": 6, "object_id": "4", "object_repr": "localhost", "action_flag": 1, "change_message": "[{\"added\": {}}]"}}, {"model": "admin.logentry", "pk": 5, "fields": {"action_time": "2019-08-23T11:15:00.027Z", "user": 1, "content_type": 33, "object_id": "1", "object_repr": "foodsquare", "action_flag": 1, "change_message": "[{\"added\": {}}]"}}, {"model": "admin.logentry", "pk": 6, "fields": {"action_time": "2019-08-23T11:15:33.864Z", "user": 1, "content_type": 33, "object_id": "1", "object_repr": "foodsquare", "action_flag": 2, "change_message": "[{\"changed\": {\"fields\": [\"sites\"]}}]"}}, {"model": "admin.logentry", "pk": 7, "fields": {"action_time": "2019-08-23T11:17:16.705Z", "user": 1, "content_type": 33, "object_id": "1", "object_repr": "foodsquare", "action_flag": 2, "change_message": "[{\"changed\": {\"fields\": [\"sites\"]}}]"}}]