INSERT INTO public.accounts_delivery (id, address, address_desc, charge, time, rating_user, rating_deliveryman, deliveryman_id, location) VALUES (1, '', ', , , ', 50, '2019-09-08 06:57:07.080000', 2, null, 5, '0,0');
INSERT INTO public.accounts_delivery (id, address, address_desc, charge, time, rating_user, rating_deliveryman, deliveryman_id, location) VALUES (2, '', ', , , ', 50, '2019-09-01 06:51:42.005000', null, null, 4, '0,0');
INSERT INTO public.accounts_delivery (id, address, address_desc, charge, time, rating_user, rating_deliveryman, deliveryman_id, location) VALUES (3, 'Azimpur', ', 12, 13, ', 50, '2019-09-01 08:12:57.531000', null, null, 5, '0,0');
INSERT INTO public.accounts_delivery (id, address, address_desc, charge, time, rating_user, rating_deliveryman, deliveryman_id, location) VALUES (4, 'Dhanmondi', '1, 65, 10, 1', 50, '2019-09-01 08:17:32.733000', null, null, 5, '0,0');
INSERT INTO public.accounts_delivery (id, address, address_desc, charge, time, rating_user, rating_deliveryman, deliveryman_id, location) VALUES (5, 'New Market', '2, 15, 21, 1', 50, '2019-09-01 08:31:16.224000', null, null, 5, '0,0');
INSERT INTO public.accounts_delivery (id, address, address_desc, charge, time, rating_user, rating_deliveryman, deliveryman_id, location) VALUES (6, 'Azimpur', '14, 12, 13, 11', 50, '2019-09-01 08:35:14.600000', null, null, 5, '0,0');
INSERT INTO public.accounts_delivery (id, address, address_desc, charge, time, rating_user, rating_deliveryman, deliveryman_id, location) VALUES (7, 'Dhanmondi', '7, 4, 1, 1', 50, '2019-09-01 08:35:14.606000', null, null, 5, '0,0');
INSERT INTO public.accounts_delivery (id, address, address_desc, charge, time, rating_user, rating_deliveryman, deliveryman_id, location) VALUES (8, 'Azimpur', ', 7, 1, ', 50, '2019-09-01 08:35:14.644000', null, null, 5, '0,0');
INSERT INTO public.accounts_delivery (id, address, address_desc, charge, time, rating_user, rating_deliveryman, deliveryman_id, location) VALUES (9, 'Azimpur', ', 81, 1, ', 50, '2019-09-01 08:39:44.903000', null, null, 4, '0,0');
INSERT INTO public.accounts_delivery (id, address, address_desc, charge, time, rating_user, rating_deliveryman, deliveryman_id, location) VALUES (10, 'Dhanmondi', ', 61, 17, ', 50, '2019-09-01 08:39:19.418000', null, null, 5, '0,0');
INSERT INTO public.accounts_delivery (id, address, address_desc, charge, time, rating_user, rating_deliveryman, deliveryman_id, location) VALUES (11, 'Azimpur', ', 43, 1, ', 50, '2019-09-08 07:49:02.898000', null, null, 4, '0,0');
INSERT INTO public.accounts_delivery (id, address, address_desc, charge, time, rating_user, rating_deliveryman, deliveryman_id, location) VALUES (12, 'Azimpur', ', 14, 1, ', 50, '2019-09-08 08:14:40.262000', null, null, null, '0,0');
INSERT INTO public.accounts_delivery (id, address, address_desc, charge, time, rating_user, rating_deliveryman, deliveryman_id, location) VALUES (13, 'Azimpur', ', 17, 1, ', 50, '2019-09-08 08:21:33.037000', null, null, null, '0,0');
INSERT INTO public.accounts_delivery (id, address, address_desc, charge, time, rating_user, rating_deliveryman, deliveryman_id, location) VALUES (15, '', ', , , ', 84, '2019-09-15 07:25:35.666784', 1, 1, 4, '0,0');
INSERT INTO public.accounts_delivery (id, address, address_desc, charge, time, rating_user, rating_deliveryman, deliveryman_id, location) VALUES (14, 'Palashi', 'F-4, 42, Palashi , B-1', 28, '2019-09-15 07:32:56.399564', 3, 3, 4, '0,0');
INSERT INTO public.accounts_deliveryman (id, name, "contactNum", address, nid, avatar, user_id) VALUES (1, 'khg1', '1234', 'Khilgaaon', '1267523', 'avatars/default.png', 13);
INSERT INTO public.accounts_deliveryman (id, name, "contactNum", address, nid, avatar, user_id) VALUES (2, 'khg2', '654123', 'Khilgaaon', '1234', 'avatars/default.png', 14);
INSERT INTO public.accounts_deliveryman (id, name, "contactNum", address, nid, avatar, user_id) VALUES (3, 'dmd1', '8717682', '', '122785', 'avatars/default.png', 15);
INSERT INTO public.accounts_deliveryman (id, name, "contactNum", address, nid, avatar, user_id) VALUES (4, 'dmd2', '182652', 'Lalmatia', '76412', 'avatars/default.png', 16);
INSERT INTO public.accounts_deliveryman (id, name, "contactNum", address, nid, avatar, user_id) VALUES (5, 'dmd3', '8756213', 'Lalmatia', '56412', 'avatars/default.png', 17);
INSERT INTO public.accounts_order (id, time, "mobileNo", order_status, branch_id, delivery_id, payment_id, user_id) VALUES (1, '2019-09-01 08:20:05.514000', '', 'DELIVERED', 3, 1, 1, 12);
INSERT INTO public.accounts_order (id, time, "mobileNo", order_status, branch_id, delivery_id, payment_id, user_id) VALUES (2, '2019-09-01 08:24:19.609000', '', 'DELIVERED', 3, 2, 2, 12);
INSERT INTO public.accounts_order (id, time, "mobileNo", order_status, branch_id, delivery_id, payment_id, user_id) VALUES (3, '2019-09-01 08:20:05.543000', '876123', 'DELIVERED', 3, 3, 3, 12);
INSERT INTO public.accounts_order (id, time, "mobileNo", order_status, branch_id, delivery_id, payment_id, user_id) VALUES (4, '2019-09-01 08:20:05.557000', '01928787192', 'DELIVERED', 3, 4, 4, 12);
INSERT INTO public.accounts_order (id, time, "mobileNo", order_status, branch_id, delivery_id, payment_id, user_id) VALUES (5, '2019-09-01 08:31:27.128000', '998162', 'DELIVERED', 3, 5, 5, 12);
INSERT INTO public.accounts_order (id, time, "mobileNo", order_status, branch_id, delivery_id, payment_id, user_id) VALUES (6, '2019-09-01 08:35:14.614000', '087123', 'DELIVERING', 3, 6, 6, 12);
INSERT INTO public.accounts_order (id, time, "mobileNo", order_status, branch_id, delivery_id, payment_id, user_id) VALUES (7, '2019-09-01 08:35:14.618000', '0178263', 'DELIVERING', 3, 7, 7, 12);
INSERT INTO public.accounts_order (id, time, "mobileNo", order_status, branch_id, delivery_id, payment_id, user_id) VALUES (8, '2019-09-01 08:35:14.654000', '9928634', 'DELIVERING', 3, 8, 8, 12);
INSERT INTO public.accounts_order (id, time, "mobileNo", order_status, branch_id, delivery_id, payment_id, user_id) VALUES (9, '2019-09-08 07:49:41.282000', '0917234', 'DELIVERED', 3, 9, 9, 12);
INSERT INTO public.accounts_order (id, time, "mobileNo", order_status, branch_id, delivery_id, payment_id, user_id) VALUES (10, '2019-09-01 08:40:22.537000', '097124', 'DELIVERED', 3, 10, 10, 12);
INSERT INTO public.accounts_order (id, time, "mobileNo", order_status, branch_id, delivery_id, payment_id, user_id) VALUES (11, '2019-09-08 07:53:36.770000', '0297834', 'DELIVERED', 3, 11, 11, 12);
INSERT INTO public.accounts_order (id, time, "mobileNo", order_status, branch_id, delivery_id, payment_id, user_id) VALUES (12, '2019-09-08 08:22:38.097000', '98124', 'PROCESSING', 3, 12, 12, 12);
INSERT INTO public.accounts_order (id, time, "mobileNo", order_status, branch_id, delivery_id, payment_id, user_id) VALUES (13, '2019-09-08 08:22:43.898000', '987124', 'PROCESSING', 3, 13, 13, 12);
INSERT INTO public.accounts_order (id, time, "mobileNo", order_status, branch_id, delivery_id, payment_id, user_id) VALUES (14, '2019-09-15 06:57:44.149762', '012345678', 'DELIVERED', 3, 14, 14, 2);
INSERT INTO public.accounts_order (id, time, "mobileNo", order_status, branch_id, delivery_id, payment_id, user_id) VALUES (15, '2019-09-15 06:13:25.043436', '', 'DELIVERED', 3, 15, 15, 2);
INSERT INTO public.accounts_orderpackagelist (id, quantity, price, order_id, package_id) VALUES (1, 1, 750, 1, 10);
INSERT INTO public.accounts_orderpackagelist (id, quantity, price, order_id, package_id) VALUES (2, 1, 280, 2, 7);
INSERT INTO public.accounts_orderpackagelist (id, quantity, price, order_id, package_id) VALUES (3, 3, 840, 3, 7);
INSERT INTO public.accounts_orderpackagelist (id, quantity, price, order_id, package_id) VALUES (4, 2, 640, 4, 8);
INSERT INTO public.accounts_orderpackagelist (id, quantity, price, order_id, package_id) VALUES (5, 2, 640, 5, 8);
INSERT INTO public.accounts_orderpackagelist (id, quantity, price, order_id, package_id) VALUES (6, 1, 280, 6, 7);
INSERT INTO public.accounts_orderpackagelist (id, quantity, price, order_id, package_id) VALUES (7, 1, 280, 7, 7);
INSERT INTO public.accounts_orderpackagelist (id, quantity, price, order_id, package_id) VALUES (8, 2, 640, 7, 8);
INSERT INTO public.accounts_orderpackagelist (id, quantity, price, order_id, package_id) VALUES (9, 1, 320, 8, 8);
INSERT INTO public.accounts_orderpackagelist (id, quantity, price, order_id, package_id) VALUES (10, 1, 350, 9, 11);
INSERT INTO public.accounts_orderpackagelist (id, quantity, price, order_id, package_id) VALUES (11, 1, 280, 10, 7);
INSERT INTO public.accounts_orderpackagelist (id, quantity, price, order_id, package_id) VALUES (12, 1, 720, 11, 9);
INSERT INTO public.accounts_orderpackagelist (id, quantity, price, order_id, package_id) VALUES (13, 2, 560, 12, 7);
INSERT INTO public.accounts_orderpackagelist (id, quantity, price, order_id, package_id) VALUES (14, 2, 700, 13, 11);
INSERT INTO public.accounts_orderpackagelist (id, quantity, price, order_id, package_id) VALUES (15, 1, 280, 13, 7);
INSERT INTO public.accounts_orderpackagelist (id, quantity, price, order_id, package_id) VALUES (16, 3, 1440, 13, 9);
INSERT INTO public.accounts_orderpackagelist (id, quantity, price, order_id, package_id) VALUES (17, 1, 280, 14, 7);
INSERT INTO public.accounts_orderpackagelist (id, quantity, price, order_id, package_id) VALUES (18, 3, 840, 15, 7);
INSERT INTO public.accounts_payment (id, price, payment_type, payment_status, bkash_ref) VALUES (1, 825, 'O', 'D', '89DaNN4KIe');
INSERT INTO public.accounts_payment (id, price, payment_type, payment_status, bkash_ref) VALUES (2, 308, 'C', 'D', null);
INSERT INTO public.accounts_payment (id, price, payment_type, payment_status, bkash_ref) VALUES (3, 924, 'C', 'D', null);
INSERT INTO public.accounts_payment (id, price, payment_type, payment_status, bkash_ref) VALUES (4, 704, 'O', 'D', 'bqaSeX9bJC');
INSERT INTO public.accounts_payment (id, price, payment_type, payment_status, bkash_ref) VALUES (5, 704, 'C', 'D', null);
INSERT INTO public.accounts_payment (id, price, payment_type, payment_status, bkash_ref) VALUES (6, 308, 'C', 'D', null);
INSERT INTO public.accounts_payment (id, price, payment_type, payment_status, bkash_ref) VALUES (7, 1012, 'C', 'D', null);
INSERT INTO public.accounts_payment (id, price, payment_type, payment_status, bkash_ref) VALUES (8, 352, 'C', 'D', null);
INSERT INTO public.accounts_payment (id, price, payment_type, payment_status, bkash_ref) VALUES (9, 385, 'C', 'D', null);
INSERT INTO public.accounts_payment (id, price, payment_type, payment_status, bkash_ref) VALUES (10, 308, 'C', 'D', null);
INSERT INTO public.accounts_payment (id, price, payment_type, payment_status, bkash_ref) VALUES (11, 792, 'C', 'D', null);
INSERT INTO public.accounts_payment (id, price, payment_type, payment_status, bkash_ref) VALUES (12, 616, 'C', 'D', null);
INSERT INTO public.accounts_payment (id, price, payment_type, payment_status, bkash_ref) VALUES (13, 2662, 'O', 'D', 'lonMtFSBVn');
INSERT INTO public.accounts_payment (id, price, payment_type, payment_status, bkash_ref) VALUES (15, 924, 'O', 'P', 'woWqn5nZFny9');
INSERT INTO public.accounts_payment (id, price, payment_type, payment_status, bkash_ref) VALUES (14, 308, 'O', 'P', 'eUGPK4hxLWXP');
INSERT INTO public.accounts_restaurant (id, restaurant_name, restaurant_key, trade_license, "restaurantImg", user_id) VALUES (1, 'Mr. Burger', 'pj7qzsfPEH', '12324124', 'restaurant_img/mrburger.png', 3);
INSERT INTO public.accounts_restaurant (id, restaurant_name, restaurant_key, trade_license, "restaurantImg", user_id) VALUES (2, 'Takeout', 'dHTGTgJnYB', '0987644', 'restaurant_img/takeout.jpg', 4);
INSERT INTO public.accounts_restaurant (id, restaurant_name, restaurant_key, trade_license, "restaurantImg", user_id) VALUES (3, 'Pizza Inn', 'wr4q3bvxOn', '26478234', 'restaurant_img/pizzainn.png', 5);
INSERT INTO public.accounts_restaurant (id, restaurant_name, restaurant_key, trade_license, "restaurantImg", user_id) VALUES (4, 'Pizza Guy', '9Il1K4EIQH', '123456', 'restaurant_img/pizzaguy.png', 6);
INSERT INTO public.accounts_restaurant (id, restaurant_name, restaurant_key, trade_license, "restaurantImg", user_id) VALUES (5, 'Absolute BBQ', 'Zjp3fAorse', '123481', 'restaurant_img/default.png', 19);
INSERT INTO public.accounts_restaurant (id, restaurant_name, restaurant_key, trade_license, "restaurantImg", user_id) VALUES (6, 'Cafe Login', 'tyWuc5fJ7P', '7562349', 'restaurant_img/default.png', 20);
INSERT INTO public.accounts_restaurant (id, restaurant_name, restaurant_key, trade_license, "restaurantImg", user_id) VALUES (7, 'Cafe Darbar', 'Pv1AwMTO1s', '8761324', 'restaurant_img/default.png', 21);
INSERT INTO public.accounts_restaurant (id, restaurant_name, restaurant_key, trade_license, "restaurantImg", user_id) VALUES (8, 'Boomers Cafe', '6URzWnqjPh', '7652349', 'restaurant_img/default.png', 22);
INSERT INTO public.accounts_restaurant (id, restaurant_name, restaurant_key, trade_license, "restaurantImg", user_id) VALUES (9, 'Food Fair', '91eNqHwA93', '01813615131725', 'restaurant_img/foodfair.jpg', 26);
INSERT INTO public.accounts_restaurantbranch (id, branch_name, branch_location, branch_location_details, location_area, branch_phonenum, branch_mobilenum, branch_email, running, opening_time, closing_time, restaurant_id, user_id, image) VALUES (1, 'Mr. Burger Khilgaon', '23.75232600,90.42021880', '', 'Khilgaaon', '', '', '', false, 9, 23, 1, 7, 'restaurant_img/default.png');
INSERT INTO public.accounts_restaurantbranch (id, branch_name, branch_location, branch_location_details, location_area, branch_phonenum, branch_mobilenum, branch_email, running, opening_time, closing_time, restaurant_id, user_id, image) VALUES (3, 'Takeout Dhanmondi', '23.74458820,90.37204430', '', 'Lalmatia', '', '', '', false, 9, 23, 2, 9, 'restaurant_img/default.png');
INSERT INTO public.accounts_restaurantbranch (id, branch_name, branch_location, branch_location_details, location_area, branch_phonenum, branch_mobilenum, branch_email, running, opening_time, closing_time, restaurant_id, user_id, image) VALUES (4, 'Takeout Gulshan', '23.79211490,90.40227390', '', 'Gulshan', '', '', '', false, 9, 23, 2, 10, 'restaurant_img/default.png');
INSERT INTO public.accounts_restaurantbranch (id, branch_name, branch_location, branch_location_details, location_area, branch_phonenum, branch_mobilenum, branch_email, running, opening_time, closing_time, restaurant_id, user_id, image) VALUES (5, 'Pizza Guy Dhanmondi', '23.75042397,450.37312210', '', 'Dhanmondi R/A', '', '', '', false, 9, 23, 4, 18, 'restaurant_img/default.png');
INSERT INTO public.accounts_restaurantbranch (id, branch_name, branch_location, branch_location_details, location_area, branch_phonenum, branch_mobilenum, branch_email, running, opening_time, closing_time, restaurant_id, user_id, image) VALUES (6, 'Food Fair Palashi', '23.72698600,90.38963910', '', 'Siddikbazar', '', '', '', false, 9, 23, 9, 27, 'restaurant_img/default.png');
INSERT INTO public.accounts_user (id, password, last_login, is_superuser, username, first_name, last_name, email, is_staff, is_active, date_joined, is_customer, is_manager, is_branch_manager, is_delivery_man, is_suspended) VALUES (3, 'pbkdf2_sha256$150000$aWKsJR1KdzTY$yggGvWwI+FP/PUDuLMnGqkRgXp88HgxhAxn3f5HFf0Q=', '2019-09-01 06:32:17.494000', false, 'mrburgeradmin', '', '', 'a@b.com', false, true, '2019-08-23 11:39:06.748000', false, true, false, false, false);
INSERT INTO public.accounts_user (id, password, last_login, is_superuser, username, first_name, last_name, email, is_staff, is_active, date_joined, is_customer, is_manager, is_branch_manager, is_delivery_man, is_suspended) VALUES (5, 'pbkdf2_sha256$150000$tjcDVC4ffIRE$2YXLtH8SUd2GfVTOSjnqCdY/VAtNie7vF70n5b8LepY=', '2019-08-23 11:40:04.772000', false, 'pizzainnadmin', '', '', 'a@b.com', false, true, '2019-08-23 11:40:04.504000', false, true, false, false, false);
INSERT INTO public.accounts_user (id, password, last_login, is_superuser, username, first_name, last_name, email, is_staff, is_active, date_joined, is_customer, is_manager, is_branch_manager, is_delivery_man, is_suspended) VALUES (6, 'pbkdf2_sha256$150000$gKrAReCBB9L4$ZDH7oWsRb9rSHzQqvs7a+z3uh8iD0bDjuoLdYpXEP1E=', '2019-09-01 06:53:25.066000', false, 'pizzaguyadmin', '', '', 'a@b.com', false, true, '2019-08-23 11:40:51.474000', false, true, false, false, false);
INSERT INTO public.accounts_user (id, password, last_login, is_superuser, username, first_name, last_name, email, is_staff, is_active, date_joined, is_customer, is_manager, is_branch_manager, is_delivery_man, is_suspended) VALUES (7, 'pbkdf2_sha256$150000$vizOZtUUU11e$7vy2zVyInCVq2qhragWm2kWV9ByMiOWMM05+yWiTO2A=', '2019-09-01 06:32:57.224000', false, 'mrburgerkhilgaonadmin', '', '', 'a@b.com', false, true, '2019-08-23 11:42:39.591000', false, false, true, false, false);
INSERT INTO public.accounts_user (id, password, last_login, is_superuser, username, first_name, last_name, email, is_staff, is_active, date_joined, is_customer, is_manager, is_branch_manager, is_delivery_man, is_suspended) VALUES (10, 'pbkdf2_sha256$150000$M1fsFr2Wmi5d$429IfWx+pBMbjWrmUvglVWHAjpiSCHRdo/vsilT4518=', '2019-08-23 12:40:26.648000', false, 'takeoutgulshanadmin', '', '', 'a@b.com', false, true, '2019-08-23 12:40:26.507000', false, false, true, false, false);
INSERT INTO public.accounts_user (id, password, last_login, is_superuser, username, first_name, last_name, email, is_staff, is_active, date_joined, is_customer, is_manager, is_branch_manager, is_delivery_man, is_suspended) VALUES (11, 'pbkdf2_sha256$150000$uJymb3udKhsZ$pH3aGokaQu2jdBeGdjo1pZx6w9arysSYl3Ijr9LUrsk=', '2019-08-23 14:26:31.097000', false, 'intruder', '', '', 'a@b.com', false, true, '2019-08-23 14:26:30.865000', true, false, false, false, false);
INSERT INTO public.accounts_user (id, password, last_login, is_superuser, username, first_name, last_name, email, is_staff, is_active, date_joined, is_customer, is_manager, is_branch_manager, is_delivery_man, is_suspended) VALUES (12, 'pbkdf2_sha256$150000$l5XXlsNVgsQ0$7dULSFZ2TxEQM22L+tzEq+mbIKuGoVKKFBJyXBuJrvM=', '2019-09-08 08:06:41.889000', false, 'saquib', '', '', 'mohaimin0312sam@gmail.com', false, true, '2019-08-31 04:16:28.967000', true, false, false, false, false);
INSERT INTO public.accounts_user (id, password, last_login, is_superuser, username, first_name, last_name, email, is_staff, is_active, date_joined, is_customer, is_manager, is_branch_manager, is_delivery_man, is_suspended) VALUES (13, 'pbkdf2_sha256$150000$jhaHeUmHbww3$A6iEIpioIGclz3O6zbuJdiahLSFNcP+UVMKNycW9cFU=', '2019-09-01 05:13:21.115000', false, 'khg1', '', '', 'khg1@gmail.com', false, true, '2019-09-01 05:13:21.003000', false, false, false, true, false);
INSERT INTO public.accounts_user (id, password, last_login, is_superuser, username, first_name, last_name, email, is_staff, is_active, date_joined, is_customer, is_manager, is_branch_manager, is_delivery_man, is_suspended) VALUES (14, 'pbkdf2_sha256$150000$ofYtG891uWS8$q6VQfW0FJdT1OJFAGL/V81VRB57osNwqepqzyOgusiA=', '2019-09-01 06:31:20.130000', false, 'khg2', '', '', 'khg2@gmail.com', false, true, '2019-09-01 06:31:19.981000', false, false, false, true, false);
INSERT INTO public.accounts_user (id, password, last_login, is_superuser, username, first_name, last_name, email, is_staff, is_active, date_joined, is_customer, is_manager, is_branch_manager, is_delivery_man, is_suspended) VALUES (15, 'pbkdf2_sha256$150000$ccnI2Lr3gdQB$Qrg0xjzobXE1JowMVGqPpPC6MkTdSUDe9zMF/3CNVUg=', '2019-09-01 06:40:46.687000', false, 'dmd1', '', '', 'dmd1@gmail.com', false, true, '2019-09-01 06:40:46.586000', false, false, false, true, false);
INSERT INTO public.accounts_user (id, password, last_login, is_superuser, username, first_name, last_name, email, is_staff, is_active, date_joined, is_customer, is_manager, is_branch_manager, is_delivery_man, is_suspended) VALUES (18, 'pbkdf2_sha256$150000$TtffPJpFQdOJ$Yc7Ok+xWg6r8PCfhBjUNn3wuY+JzpjH5OW3d3qaTpuM=', '2019-09-01 07:44:57.184000', false, 'pizzaguydmdadmin', '', '', 'a@b.com', false, true, '2019-09-01 07:44:57.080000', false, false, true, false, false);
INSERT INTO public.accounts_user (id, password, last_login, is_superuser, username, first_name, last_name, email, is_staff, is_active, date_joined, is_customer, is_manager, is_branch_manager, is_delivery_man, is_suspended) VALUES (19, 'pbkdf2_sha256$150000$r2HGRIdGhe1J$smgtaT75tE5W5sbk4g6na3hjjDTzJDbfAh2fe4vaydo=', '2019-09-08 07:37:24.290000', false, 'absolutebbqadmin', '', '', 'absolutebbqadmin@gmail.com', false, true, '2019-09-08 07:37:24.176000', false, true, false, false, false);
INSERT INTO public.accounts_user (id, password, last_login, is_superuser, username, first_name, last_name, email, is_staff, is_active, date_joined, is_customer, is_manager, is_branch_manager, is_delivery_man, is_suspended) VALUES (20, 'pbkdf2_sha256$150000$5UhoQzAOJmEJ$POAATDn9rFwPn5zofb1KNzGzx4577nBxOIyzhJm+NDc=', '2019-09-08 07:39:49.010000', false, 'cafeloginadmin', '', '', 'cafeloginadmin@gmail.com', false, true, '2019-09-08 07:39:48.908000', false, true, false, false, false);
INSERT INTO public.accounts_user (id, password, last_login, is_superuser, username, first_name, last_name, email, is_staff, is_active, date_joined, is_customer, is_manager, is_branch_manager, is_delivery_man, is_suspended) VALUES (21, 'pbkdf2_sha256$150000$AqGm95isyF75$jHshN6IPSOFXyU/ijOVjTGEP0HUem41KLZTxSv6x/s8=', '2019-09-08 07:41:00.755000', false, 'cafedarbaradmin', '', '', 'cafedarbaradmin@gmail.com', false, true, '2019-09-08 07:41:00.665000', false, true, false, false, false);
INSERT INTO public.accounts_user (id, password, last_login, is_superuser, username, first_name, last_name, email, is_staff, is_active, date_joined, is_customer, is_manager, is_branch_manager, is_delivery_man, is_suspended) VALUES (22, 'pbkdf2_sha256$150000$HBRHqzfv0hNY$zBXV4ShsN/njjpdiA4rx7S3fNQs80LwA6HgO/b+ebgA=', '2019-09-08 07:43:58.984000', false, 'boomerscafeadmin', '', '', 'boomerscafeadmin@gmail.com', false, true, '2019-09-08 07:43:58.875000', false, true, false, false, false);
INSERT INTO public.accounts_user (id, password, last_login, is_superuser, username, first_name, last_name, email, is_staff, is_active, date_joined, is_customer, is_manager, is_branch_manager, is_delivery_man, is_suspended) VALUES (1, 'pbkdf2_sha256$150000$Xm2zvsuzuxeQ$C3XNmDorzoRX9rjFdsGuh3eVVf1AqYzO933lwBv7wT0=', '2019-09-12 07:56:34.889168', true, 'admin', '', '', 'admin@localhost', true, true, '2019-08-23 11:12:16.391000', false, false, false, false, false);
INSERT INTO public.accounts_user (id, password, last_login, is_superuser, username, first_name, last_name, email, is_staff, is_active, date_joined, is_customer, is_manager, is_branch_manager, is_delivery_man, is_suspended) VALUES (26, 'pbkdf2_sha256$150000$YqP0UFExwB1I$HZ2SqaDOYHJ6lG2dhndPpeKB3bGk2IGqGN3MjX3/614=', '2019-09-12 08:07:12.814922', false, 'foodfairadmin', '', '', '1505015.skb@ugrad.cse.buet.ac.bd', false, true, '2019-09-12 07:56:09.579759', false, true, false, false, false);
INSERT INTO public.accounts_user (id, password, last_login, is_superuser, username, first_name, last_name, email, is_staff, is_active, date_joined, is_customer, is_manager, is_branch_manager, is_delivery_man, is_suspended) VALUES (27, 'pbkdf2_sha256$150000$97xcgs8akh9u$ohA0tqdRQTQHdouddmspQT6/W6oZVhsEAhGIxRlbJEI=', '2019-09-12 10:57:02.348499', false, 'foodfairpalashiadmin', '', '', 'a@b.com', false, true, '2019-09-12 10:57:01.341838', false, false, true, false, false);
INSERT INTO public.accounts_user (id, password, last_login, is_superuser, username, first_name, last_name, email, is_staff, is_active, date_joined, is_customer, is_manager, is_branch_manager, is_delivery_man, is_suspended) VALUES (2, 'pbkdf2_sha256$150000$XtlCygeZRvbb$Sg9jSPagXBuPZySYWOa0TtdG+gnDSN3DkXGatTAaV9U=', '2019-09-12 14:46:14.487564', false, 'subangkar', '', '', 'subangkar.karmaker@gmail.com', false, true, '2019-08-23 11:17:46.653000', true, false, false, false, false);
INSERT INTO public.accounts_user (id, password, last_login, is_superuser, username, first_name, last_name, email, is_staff, is_active, date_joined, is_customer, is_manager, is_branch_manager, is_delivery_man, is_suspended) VALUES (4, 'pbkdf2_sha256$150000$oubzgx78Pluh$MT1NNSmJxOU58qKF28hC3v9FkFe9LwbkNDJ5eX43tFg=', '2019-09-14 11:04:51.790673', false, 'takeoutadmin', '', '', 'a@b.com', false, true, '2019-08-23 11:39:35.505000', false, true, false, false, false);
INSERT INTO public.accounts_user (id, password, last_login, is_superuser, username, first_name, last_name, email, is_staff, is_active, date_joined, is_customer, is_manager, is_branch_manager, is_delivery_man, is_suspended) VALUES (9, 'pbkdf2_sha256$150000$ZN6PbqRkuCwx$dyksgAopnM6NeYXxJsV/WEvQitp0YIemgVBhhNF1xgs=', '2019-09-16 07:52:12.780157', false, 'takeoutdmdadmin', '', '', 'a@b.com', false, true, '2019-08-23 12:23:26.369000', false, false, true, false, false);
INSERT INTO public.accounts_user (id, password, last_login, is_superuser, username, first_name, last_name, email, is_staff, is_active, date_joined, is_customer, is_manager, is_branch_manager, is_delivery_man, is_suspended) VALUES (16, 'pbkdf2_sha256$150000$lGRrPWmrI2Pu$Q5QaPHhi7jTo+80Iqgq2muoaJNeWCw29u7Z6igpOGHc=', '2019-09-14 15:45:26.957659', false, 'dmd2', '', '', 'dmd2@gmail.com', false, true, '2019-09-01 06:45:04.733000', false, false, false, true, false);
INSERT INTO public.accounts_user (id, password, last_login, is_superuser, username, first_name, last_name, email, is_staff, is_active, date_joined, is_customer, is_manager, is_branch_manager, is_delivery_man, is_suspended) VALUES (17, 'pbkdf2_sha256$150000$H7M4Jn0obj1H$Bk1EEkLIiiF1APJCqyWI5/nLlEbyCBVn/df0Fdc+F/8=', '2019-09-17 13:33:04.088434', false, 'dmd3', '', '', 'dmd3@gmail.com', false, true, '2019-09-01 06:47:43.160000', false, false, false, true, false);
INSERT INTO public.accounts_userprofile (id, first_name, last_name, address, avatar, user_id) VALUES (1, 'Subangkar', 'Karmaker', 'Shantibag', 'avatars/cute-cat-cartoon-character-illustration-34141795.jpg', 2);
INSERT INTO public.accounts_userprofile (id, first_name, last_name, address, avatar, user_id) VALUES (2, null, null, null, 'avatars/default.png', 11);
INSERT INTO public.accounts_userprofile (id, first_name, last_name, address, avatar, user_id) VALUES (3, null, null, null, 'avatars/default.png', 12);
INSERT INTO public.auth_permission (id, name, content_type_id, codename) VALUES (137, 'Can add config', 35, 'add_config');
INSERT INTO public.auth_permission (id, name, content_type_id, codename) VALUES (138, 'Can change config', 35, 'change_config');
INSERT INTO public.auth_permission (id, name, content_type_id, codename) VALUES (139, 'Can delete config', 35, 'delete_config');
INSERT INTO public.auth_permission (id, name, content_type_id, codename) VALUES (140, 'Can view config', 35, 'view_config');
INSERT INTO public.auth_permission (id, name, content_type_id, codename) VALUES (1, 'Can add log entry', 1, 'add_logentry');
INSERT INTO public.auth_permission (id, name, content_type_id, codename) VALUES (2, 'Can change log entry', 1, 'change_logentry');
INSERT INTO public.auth_permission (id, name, content_type_id, codename) VALUES (3, 'Can delete log entry', 1, 'delete_logentry');
INSERT INTO public.auth_permission (id, name, content_type_id, codename) VALUES (4, 'Can view log entry', 1, 'view_logentry');
INSERT INTO public.auth_permission (id, name, content_type_id, codename) VALUES (5, 'Can add permission', 2, 'add_permission');
INSERT INTO public.auth_permission (id, name, content_type_id, codename) VALUES (6, 'Can change permission', 2, 'change_permission');
INSERT INTO public.auth_permission (id, name, content_type_id, codename) VALUES (7, 'Can delete permission', 2, 'delete_permission');
INSERT INTO public.auth_permission (id, name, content_type_id, codename) VALUES (8, 'Can view permission', 2, 'view_permission');
INSERT INTO public.auth_permission (id, name, content_type_id, codename) VALUES (9, 'Can add group', 3, 'add_group');
INSERT INTO public.auth_permission (id, name, content_type_id, codename) VALUES (10, 'Can change group', 3, 'change_group');
INSERT INTO public.auth_permission (id, name, content_type_id, codename) VALUES (11, 'Can delete group', 3, 'delete_group');
INSERT INTO public.auth_permission (id, name, content_type_id, codename) VALUES (12, 'Can view group', 3, 'view_group');
INSERT INTO public.auth_permission (id, name, content_type_id, codename) VALUES (13, 'Can add content type', 4, 'add_contenttype');
INSERT INTO public.auth_permission (id, name, content_type_id, codename) VALUES (14, 'Can change content type', 4, 'change_contenttype');
INSERT INTO public.auth_permission (id, name, content_type_id, codename) VALUES (15, 'Can delete content type', 4, 'delete_contenttype');
INSERT INTO public.auth_permission (id, name, content_type_id, codename) VALUES (16, 'Can view content type', 4, 'view_contenttype');
INSERT INTO public.auth_permission (id, name, content_type_id, codename) VALUES (17, 'Can add session', 5, 'add_session');
INSERT INTO public.auth_permission (id, name, content_type_id, codename) VALUES (18, 'Can change session', 5, 'change_session');
INSERT INTO public.auth_permission (id, name, content_type_id, codename) VALUES (19, 'Can delete session', 5, 'delete_session');
INSERT INTO public.auth_permission (id, name, content_type_id, codename) VALUES (20, 'Can view session', 5, 'view_session');
INSERT INTO public.auth_permission (id, name, content_type_id, codename) VALUES (21, 'Can add site', 6, 'add_site');
INSERT INTO public.auth_permission (id, name, content_type_id, codename) VALUES (22, 'Can change site', 6, 'change_site');
INSERT INTO public.auth_permission (id, name, content_type_id, codename) VALUES (23, 'Can delete site', 6, 'delete_site');
INSERT INTO public.auth_permission (id, name, content_type_id, codename) VALUES (24, 'Can view site', 6, 'view_site');
INSERT INTO public.auth_permission (id, name, content_type_id, codename) VALUES (25, 'Can add Branch Comment', 7, 'add_branchcomment');
INSERT INTO public.auth_permission (id, name, content_type_id, codename) VALUES (26, 'Can change Branch Comment', 7, 'change_branchcomment');
INSERT INTO public.auth_permission (id, name, content_type_id, codename) VALUES (27, 'Can delete Branch Comment', 7, 'delete_branchcomment');
INSERT INTO public.auth_permission (id, name, content_type_id, codename) VALUES (28, 'Can view Branch Comment', 7, 'view_branchcomment');
INSERT INTO public.auth_permission (id, name, content_type_id, codename) VALUES (29, 'Can add Ingredient', 8, 'add_ingredient');
INSERT INTO public.auth_permission (id, name, content_type_id, codename) VALUES (30, 'Can change Ingredient', 8, 'change_ingredient');
INSERT INTO public.auth_permission (id, name, content_type_id, codename) VALUES (31, 'Can delete Ingredient', 8, 'delete_ingredient');
INSERT INTO public.auth_permission (id, name, content_type_id, codename) VALUES (32, 'Can view Ingredient', 8, 'view_ingredient');
INSERT INTO public.auth_permission (id, name, content_type_id, codename) VALUES (33, 'Can add IngredientList', 9, 'add_ingredientlist');
INSERT INTO public.auth_permission (id, name, content_type_id, codename) VALUES (34, 'Can change IngredientList', 9, 'change_ingredientlist');
INSERT INTO public.auth_permission (id, name, content_type_id, codename) VALUES (35, 'Can delete IngredientList', 9, 'delete_ingredientlist');
INSERT INTO public.auth_permission (id, name, content_type_id, codename) VALUES (36, 'Can view IngredientList', 9, 'view_ingredientlist');
INSERT INTO public.auth_permission (id, name, content_type_id, codename) VALUES (37, 'Can add Package', 10, 'add_package');
INSERT INTO public.auth_permission (id, name, content_type_id, codename) VALUES (38, 'Can change Package', 10, 'change_package');
INSERT INTO public.auth_permission (id, name, content_type_id, codename) VALUES (39, 'Can delete Package', 10, 'delete_package');
INSERT INTO public.auth_permission (id, name, content_type_id, codename) VALUES (40, 'Can view Package', 10, 'view_package');
INSERT INTO public.auth_permission (id, name, content_type_id, codename) VALUES (41, 'Can add Package Comment', 11, 'add_packagecomment');
INSERT INTO public.auth_permission (id, name, content_type_id, codename) VALUES (42, 'Can change Package Comment', 11, 'change_packagecomment');
INSERT INTO public.auth_permission (id, name, content_type_id, codename) VALUES (43, 'Can delete Package Comment', 11, 'delete_packagecomment');
INSERT INTO public.auth_permission (id, name, content_type_id, codename) VALUES (44, 'Can view Package Comment', 11, 'view_packagecomment');
INSERT INTO public.auth_permission (id, name, content_type_id, codename) VALUES (45, 'Can add User Offer Details of Branch', 12, 'add_useroffer');
INSERT INTO public.auth_permission (id, name, content_type_id, codename) VALUES (46, 'Can change User Offer Details of Branch', 12, 'change_useroffer');
INSERT INTO public.auth_permission (id, name, content_type_id, codename) VALUES (47, 'Can delete User Offer Details of Branch', 12, 'delete_useroffer');
INSERT INTO public.auth_permission (id, name, content_type_id, codename) VALUES (48, 'Can view User Offer Details of Branch', 12, 'view_useroffer');
INSERT INTO public.auth_permission (id, name, content_type_id, codename) VALUES (49, 'Can add Package Rating', 13, 'add_packagerating');
INSERT INTO public.auth_permission (id, name, content_type_id, codename) VALUES (50, 'Can change Package Rating', 13, 'change_packagerating');
INSERT INTO public.auth_permission (id, name, content_type_id, codename) VALUES (51, 'Can delete Package Rating', 13, 'delete_packagerating');
INSERT INTO public.auth_permission (id, name, content_type_id, codename) VALUES (52, 'Can view Package Rating', 13, 'view_packagerating');
INSERT INTO public.auth_permission (id, name, content_type_id, codename) VALUES (53, 'Can add Package Comment React', 14, 'add_packagecommentreact');
INSERT INTO public.auth_permission (id, name, content_type_id, codename) VALUES (54, 'Can change Package Comment React', 14, 'change_packagecommentreact');
INSERT INTO public.auth_permission (id, name, content_type_id, codename) VALUES (55, 'Can delete Package Comment React', 14, 'delete_packagecommentreact');
INSERT INTO public.auth_permission (id, name, content_type_id, codename) VALUES (56, 'Can view Package Comment React', 14, 'view_packagecommentreact');
INSERT INTO public.auth_permission (id, name, content_type_id, codename) VALUES (57, 'Can add Package Details of Branch', 15, 'add_packagebranchdetails');
INSERT INTO public.auth_permission (id, name, content_type_id, codename) VALUES (58, 'Can change Package Details of Branch', 15, 'change_packagebranchdetails');
INSERT INTO public.auth_permission (id, name, content_type_id, codename) VALUES (59, 'Can delete Package Details of Branch', 15, 'delete_packagebranchdetails');
INSERT INTO public.auth_permission (id, name, content_type_id, codename) VALUES (60, 'Can view Package Details of Branch', 15, 'view_packagebranchdetails');
INSERT INTO public.auth_permission (id, name, content_type_id, codename) VALUES (61, 'Can add Branch Comment React', 16, 'add_branchcommentreact');
INSERT INTO public.auth_permission (id, name, content_type_id, codename) VALUES (62, 'Can change Branch Comment React', 16, 'change_branchcommentreact');
INSERT INTO public.auth_permission (id, name, content_type_id, codename) VALUES (63, 'Can delete Branch Comment React', 16, 'delete_branchcommentreact');
INSERT INTO public.auth_permission (id, name, content_type_id, codename) VALUES (64, 'Can view Branch Comment React', 16, 'view_branchcommentreact');
INSERT INTO public.auth_permission (id, name, content_type_id, codename) VALUES (65, 'Can add Branch Rating', 17, 'add_branchrating');
INSERT INTO public.auth_permission (id, name, content_type_id, codename) VALUES (66, 'Can change Branch Rating', 17, 'change_branchrating');
INSERT INTO public.auth_permission (id, name, content_type_id, codename) VALUES (67, 'Can delete Branch Rating', 17, 'delete_branchrating');
INSERT INTO public.auth_permission (id, name, content_type_id, codename) VALUES (68, 'Can view Branch Rating', 17, 'view_branchrating');
INSERT INTO public.auth_permission (id, name, content_type_id, codename) VALUES (69, 'Can add User', 18, 'add_user');
INSERT INTO public.auth_permission (id, name, content_type_id, codename) VALUES (70, 'Can change User', 18, 'change_user');
INSERT INTO public.auth_permission (id, name, content_type_id, codename) VALUES (71, 'Can delete User', 18, 'delete_user');
INSERT INTO public.auth_permission (id, name, content_type_id, codename) VALUES (72, 'Can view User', 18, 'view_user');
INSERT INTO public.auth_permission (id, name, content_type_id, codename) VALUES (73, 'Can add Delivery', 19, 'add_delivery');
INSERT INTO public.auth_permission (id, name, content_type_id, codename) VALUES (74, 'Can change Delivery', 19, 'change_delivery');
INSERT INTO public.auth_permission (id, name, content_type_id, codename) VALUES (75, 'Can delete Delivery', 19, 'delete_delivery');
INSERT INTO public.auth_permission (id, name, content_type_id, codename) VALUES (76, 'Can view Delivery', 19, 'view_delivery');
INSERT INTO public.auth_permission (id, name, content_type_id, codename) VALUES (77, 'Can add DeliveryMan', 20, 'add_deliveryman');
INSERT INTO public.auth_permission (id, name, content_type_id, codename) VALUES (78, 'Can change DeliveryMan', 20, 'change_deliveryman');
INSERT INTO public.auth_permission (id, name, content_type_id, codename) VALUES (79, 'Can delete DeliveryMan', 20, 'delete_deliveryman');
INSERT INTO public.auth_permission (id, name, content_type_id, codename) VALUES (80, 'Can view DeliveryMan', 20, 'view_deliveryman');
INSERT INTO public.auth_permission (id, name, content_type_id, codename) VALUES (81, 'Can add Order', 21, 'add_order');
INSERT INTO public.auth_permission (id, name, content_type_id, codename) VALUES (82, 'Can change Order', 21, 'change_order');
INSERT INTO public.auth_permission (id, name, content_type_id, codename) VALUES (83, 'Can delete Order', 21, 'delete_order');
INSERT INTO public.auth_permission (id, name, content_type_id, codename) VALUES (84, 'Can view Order', 21, 'view_order');
INSERT INTO public.auth_permission (id, name, content_type_id, codename) VALUES (85, 'Can add OrderPackageList', 22, 'add_orderpackagelist');
INSERT INTO public.auth_permission (id, name, content_type_id, codename) VALUES (86, 'Can change OrderPackageList', 22, 'change_orderpackagelist');
INSERT INTO public.auth_permission (id, name, content_type_id, codename) VALUES (87, 'Can delete OrderPackageList', 22, 'delete_orderpackagelist');
INSERT INTO public.auth_permission (id, name, content_type_id, codename) VALUES (88, 'Can view OrderPackageList', 22, 'view_orderpackagelist');
INSERT INTO public.auth_permission (id, name, content_type_id, codename) VALUES (89, 'Can add Payment', 23, 'add_payment');
INSERT INTO public.auth_permission (id, name, content_type_id, codename) VALUES (90, 'Can change Payment', 23, 'change_payment');
INSERT INTO public.auth_permission (id, name, content_type_id, codename) VALUES (91, 'Can delete Payment', 23, 'delete_payment');
INSERT INTO public.auth_permission (id, name, content_type_id, codename) VALUES (92, 'Can view Payment', 23, 'view_payment');
INSERT INTO public.auth_permission (id, name, content_type_id, codename) VALUES (93, 'Can add Restaurant', 24, 'add_restaurant');
INSERT INTO public.auth_permission (id, name, content_type_id, codename) VALUES (94, 'Can change Restaurant', 24, 'change_restaurant');
INSERT INTO public.auth_permission (id, name, content_type_id, codename) VALUES (95, 'Can delete Restaurant', 24, 'delete_restaurant');
INSERT INTO public.auth_permission (id, name, content_type_id, codename) VALUES (96, 'Can view Restaurant', 24, 'view_restaurant');
INSERT INTO public.auth_permission (id, name, content_type_id, codename) VALUES (97, 'Can add Branch', 25, 'add_restaurantbranch');
INSERT INTO public.auth_permission (id, name, content_type_id, codename) VALUES (98, 'Can change Branch', 25, 'change_restaurantbranch');
INSERT INTO public.auth_permission (id, name, content_type_id, codename) VALUES (99, 'Can delete Branch', 25, 'delete_restaurantbranch');
INSERT INTO public.auth_permission (id, name, content_type_id, codename) VALUES (100, 'Can view Branch', 25, 'view_restaurantbranch');
INSERT INTO public.auth_permission (id, name, content_type_id, codename) VALUES (101, 'Can add user profile', 26, 'add_userprofile');
INSERT INTO public.auth_permission (id, name, content_type_id, codename) VALUES (102, 'Can change user profile', 26, 'change_userprofile');
INSERT INTO public.auth_permission (id, name, content_type_id, codename) VALUES (103, 'Can delete user profile', 26, 'delete_userprofile');
INSERT INTO public.auth_permission (id, name, content_type_id, codename) VALUES (104, 'Can view user profile', 26, 'view_userprofile');
INSERT INTO public.auth_permission (id, name, content_type_id, codename) VALUES (105, 'Can add menu', 27, 'add_menu');
INSERT INTO public.auth_permission (id, name, content_type_id, codename) VALUES (106, 'Can change menu', 27, 'change_menu');
INSERT INTO public.auth_permission (id, name, content_type_id, codename) VALUES (107, 'Can delete menu', 27, 'delete_menu');
INSERT INTO public.auth_permission (id, name, content_type_id, codename) VALUES (108, 'Can view menu', 27, 'view_menu');
INSERT INTO public.auth_permission (id, name, content_type_id, codename) VALUES (109, 'Can add notification monitor', 28, 'add_notificationmonitor');
INSERT INTO public.auth_permission (id, name, content_type_id, codename) VALUES (110, 'Can change notification monitor', 28, 'change_notificationmonitor');
INSERT INTO public.auth_permission (id, name, content_type_id, codename) VALUES (111, 'Can delete notification monitor', 28, 'delete_notificationmonitor');
INSERT INTO public.auth_permission (id, name, content_type_id, codename) VALUES (112, 'Can view notification monitor', 28, 'view_notificationmonitor');
INSERT INTO public.auth_permission (id, name, content_type_id, codename) VALUES (113, 'Can add notification', 29, 'add_notification');
INSERT INTO public.auth_permission (id, name, content_type_id, codename) VALUES (114, 'Can change notification', 29, 'change_notification');
INSERT INTO public.auth_permission (id, name, content_type_id, codename) VALUES (115, 'Can delete notification', 29, 'delete_notification');
INSERT INTO public.auth_permission (id, name, content_type_id, codename) VALUES (116, 'Can view notification', 29, 'view_notification');
INSERT INTO public.auth_permission (id, name, content_type_id, codename) VALUES (117, 'Can add email address', 30, 'add_emailaddress');
INSERT INTO public.auth_permission (id, name, content_type_id, codename) VALUES (118, 'Can change email address', 30, 'change_emailaddress');
INSERT INTO public.auth_permission (id, name, content_type_id, codename) VALUES (119, 'Can delete email address', 30, 'delete_emailaddress');
INSERT INTO public.auth_permission (id, name, content_type_id, codename) VALUES (120, 'Can view email address', 30, 'view_emailaddress');
INSERT INTO public.auth_permission (id, name, content_type_id, codename) VALUES (121, 'Can add email confirmation', 31, 'add_emailconfirmation');
INSERT INTO public.auth_permission (id, name, content_type_id, codename) VALUES (122, 'Can change email confirmation', 31, 'change_emailconfirmation');
INSERT INTO public.auth_permission (id, name, content_type_id, codename) VALUES (123, 'Can delete email confirmation', 31, 'delete_emailconfirmation');
INSERT INTO public.auth_permission (id, name, content_type_id, codename) VALUES (124, 'Can view email confirmation', 31, 'view_emailconfirmation');
INSERT INTO public.auth_permission (id, name, content_type_id, codename) VALUES (125, 'Can add social account', 32, 'add_socialaccount');
INSERT INTO public.auth_permission (id, name, content_type_id, codename) VALUES (126, 'Can change social account', 32, 'change_socialaccount');
INSERT INTO public.auth_permission (id, name, content_type_id, codename) VALUES (127, 'Can delete social account', 32, 'delete_socialaccount');
INSERT INTO public.auth_permission (id, name, content_type_id, codename) VALUES (128, 'Can view social account', 32, 'view_socialaccount');
INSERT INTO public.auth_permission (id, name, content_type_id, codename) VALUES (129, 'Can add social application', 33, 'add_socialapp');
INSERT INTO public.auth_permission (id, name, content_type_id, codename) VALUES (130, 'Can change social application', 33, 'change_socialapp');
INSERT INTO public.auth_permission (id, name, content_type_id, codename) VALUES (131, 'Can delete social application', 33, 'delete_socialapp');
INSERT INTO public.auth_permission (id, name, content_type_id, codename) VALUES (132, 'Can view social application', 33, 'view_socialapp');
INSERT INTO public.auth_permission (id, name, content_type_id, codename) VALUES (133, 'Can add social application token', 34, 'add_socialtoken');
INSERT INTO public.auth_permission (id, name, content_type_id, codename) VALUES (134, 'Can change social application token', 34, 'change_socialtoken');
INSERT INTO public.auth_permission (id, name, content_type_id, codename) VALUES (135, 'Can delete social application token', 34, 'delete_socialtoken');
INSERT INTO public.auth_permission (id, name, content_type_id, codename) VALUES (136, 'Can view social application token', 34, 'view_socialtoken');
INSERT INTO public.browse_branchcomment (id, comment, time, branch_id, user_id) VALUES (1, 'This is the best restaurant in this area', '2019-08-25 06:25:25.766000', 1, 2);
INSERT INTO public.browse_branchcommentreact (id, liked, disliked, post_id, user_id) VALUES (1, true, false, 1, 2);
INSERT INTO public.browse_ingredient (id, name) VALUES (1, 'bun');
INSERT INTO public.browse_ingredient (id, name) VALUES (2, 'cheese');
INSERT INTO public.browse_ingredient (id, name) VALUES (3, 'mushroom');
INSERT INTO public.browse_ingredient (id, name) VALUES (4, 'chicken ');
INSERT INTO public.browse_ingredient (id, name) VALUES (15, 'sausage');
INSERT INTO public.browse_ingredient (id, name) VALUES (16, 'beef');
INSERT INTO public.browse_ingredient (id, name) VALUES (18, 'vanilla');
INSERT INTO public.browse_ingredient (id, name) VALUES (19, 'chicken');
INSERT INTO public.browse_ingredient (id, name) VALUES (20, 'onion');
INSERT INTO public.browse_ingredient (id, name) VALUES (21, 'sauce');
INSERT INTO public.browse_ingredient (id, name) VALUES (22, 'tomato');
INSERT INTO public.browse_ingredient (id, name) VALUES (23, 'capsicum');
INSERT INTO public.browse_ingredient (id, name) VALUES (24, 'rice');
INSERT INTO public.browse_ingredientlist (id, ingredient_id, package_id) VALUES (1, 1, 2);
INSERT INTO public.browse_ingredientlist (id, ingredient_id, package_id) VALUES (2, 2, 2);
INSERT INTO public.browse_ingredientlist (id, ingredient_id, package_id) VALUES (3, 3, 2);
INSERT INTO public.browse_ingredientlist (id, ingredient_id, package_id) VALUES (4, 4, 2);
INSERT INTO public.browse_ingredientlist (id, ingredient_id, package_id) VALUES (8, 1, 3);
INSERT INTO public.browse_ingredientlist (id, ingredient_id, package_id) VALUES (9, 4, 3);
INSERT INTO public.browse_ingredientlist (id, ingredient_id, package_id) VALUES (10, 2, 3);
INSERT INTO public.browse_ingredientlist (id, ingredient_id, package_id) VALUES (11, 1, 5);
INSERT INTO public.browse_ingredientlist (id, ingredient_id, package_id) VALUES (12, 4, 5);
INSERT INTO public.browse_ingredientlist (id, ingredient_id, package_id) VALUES (13, 2, 5);
INSERT INTO public.browse_ingredientlist (id, ingredient_id, package_id) VALUES (14, 1, 6);
INSERT INTO public.browse_ingredientlist (id, ingredient_id, package_id) VALUES (15, 4, 6);
INSERT INTO public.browse_ingredientlist (id, ingredient_id, package_id) VALUES (16, 2, 6);
INSERT INTO public.browse_ingredientlist (id, ingredient_id, package_id) VALUES (17, 3, 6);
INSERT INTO public.browse_ingredientlist (id, ingredient_id, package_id) VALUES (18, 1, 7);
INSERT INTO public.browse_ingredientlist (id, ingredient_id, package_id) VALUES (19, 15, 7);
INSERT INTO public.browse_ingredientlist (id, ingredient_id, package_id) VALUES (20, 2, 7);
INSERT INTO public.browse_ingredientlist (id, ingredient_id, package_id) VALUES (21, 1, 8);
INSERT INTO public.browse_ingredientlist (id, ingredient_id, package_id) VALUES (22, 16, 8);
INSERT INTO public.browse_ingredientlist (id, ingredient_id, package_id) VALUES (23, 2, 8);
INSERT INTO public.browse_ingredientlist (id, ingredient_id, package_id) VALUES (24, 19, 9);
INSERT INTO public.browse_ingredientlist (id, ingredient_id, package_id) VALUES (25, 2, 9);
INSERT INTO public.browse_ingredientlist (id, ingredient_id, package_id) VALUES (26, 20, 9);
INSERT INTO public.browse_ingredientlist (id, ingredient_id, package_id) VALUES (27, 21, 10);
INSERT INTO public.browse_ingredientlist (id, ingredient_id, package_id) VALUES (28, 22, 10);
INSERT INTO public.browse_ingredientlist (id, ingredient_id, package_id) VALUES (29, 23, 10);
INSERT INTO public.browse_ingredientlist (id, ingredient_id, package_id) VALUES (30, 20, 10);
INSERT INTO public.browse_ingredientlist (id, ingredient_id, package_id) VALUES (31, 21, 11);
INSERT INTO public.browse_ingredientlist (id, ingredient_id, package_id) VALUES (32, 22, 11);
INSERT INTO public.browse_ingredientlist (id, ingredient_id, package_id) VALUES (33, 20, 11);
INSERT INTO public.browse_ingredientlist (id, ingredient_id, package_id) VALUES (34, 19, 11);
INSERT INTO public.browse_ingredientlist (id, ingredient_id, package_id) VALUES (35, 19, 12);
INSERT INTO public.browse_ingredientlist (id, ingredient_id, package_id) VALUES (36, 24, 12);
INSERT INTO public.browse_package (id, pkg_name, for_n_persons, price, available, image, details, category, is_vegeterian, restaurant_id) VALUES (2, 'Chicken Cheese Mushroom Burger', 1, 210, true, 'menu/cuisine1.jpg', '', 'Burger', false, 1);
INSERT INTO public.browse_package (id, pkg_name, for_n_persons, price, available, image, details, category, is_vegeterian, restaurant_id) VALUES (3, 'Chicken Cheese Deluxe', 1, 280, true, 'menu/cuisine1.jpg', '', 'Burger', false, 1);
INSERT INTO public.browse_package (id, pkg_name, for_n_persons, price, available, image, details, category, is_vegeterian, restaurant_id) VALUES (5, 'Mr. Perfect', 1, 180, true, 'menu/cuisine6.jpg', '', 'Burger', false, 1);
INSERT INTO public.browse_package (id, pkg_name, for_n_persons, price, available, image, details, category, is_vegeterian, restaurant_id) VALUES (6, 'Chicken Cheesegroom', 1, 220, true, 'menu/cuisine1.jpg', '', 'Burger', false, 1);
INSERT INTO public.browse_package (id, pkg_name, for_n_persons, price, available, image, details, category, is_vegeterian, restaurant_id) VALUES (7, 'Chicken Cheese Burger', 1, 280, true, 'menu/takeout_chi.jpg', '', 'Burger', false, 2);
INSERT INTO public.browse_package (id, pkg_name, for_n_persons, price, available, image, details, category, is_vegeterian, restaurant_id) VALUES (8, 'Beef Cheese Burger', 1, 320, true, 'menu/bww_burger_cheesecurdbacon_2.jpg', '', 'Burger', false, 2);
INSERT INTO public.browse_package (id, pkg_name, for_n_persons, price, available, image, details, category, is_vegeterian, restaurant_id) VALUES (9, 'BBQ Pizza', 1, 720, true, 'menu/default.png', '', 'Pizza', false, 2);
INSERT INTO public.browse_package (id, pkg_name, for_n_persons, price, available, image, details, category, is_vegeterian, restaurant_id) VALUES (10, 'Vegetable Salad', 1, 750, true, 'menu/default.png', '', 'Vegetable', false, 2);
INSERT INTO public.browse_package (id, pkg_name, for_n_persons, price, available, image, details, category, is_vegeterian, restaurant_id) VALUES (11, 'Chicken Noodles', 1, 350, true, 'menu/default.png', '', 'Noodles', false, 2);
INSERT INTO public.browse_package (id, pkg_name, for_n_persons, price, available, image, details, category, is_vegeterian, restaurant_id) VALUES (12, 'Crispy Fried Rice', 1, 100, true, 'menu/fried-rice2_i7zlYKe.jpg', '', 'Rice', false, 9);
INSERT INTO public.browse_packagebranchdetails (id, available, offer_type, offer_start_date, offer_expire_date, offer_discount, offer_buy_n, offer_get_n, branch_id, package_id) VALUES (1, true, 'N', null, null, 0, 1, 0, 1, 2);
INSERT INTO public.browse_packagebranchdetails (id, available, offer_type, offer_start_date, offer_expire_date, offer_discount, offer_buy_n, offer_get_n, branch_id, package_id) VALUES (2, true, 'N', null, null, 0, 1, 0, 1, 3);
INSERT INTO public.browse_packagebranchdetails (id, available, offer_type, offer_start_date, offer_expire_date, offer_discount, offer_buy_n, offer_get_n, branch_id, package_id) VALUES (3, true, 'N', null, null, 0, 1, 0, 1, 5);
INSERT INTO public.browse_packagebranchdetails (id, available, offer_type, offer_start_date, offer_expire_date, offer_discount, offer_buy_n, offer_get_n, branch_id, package_id) VALUES (4, true, 'N', null, null, 0, 1, 0, 1, 6);
INSERT INTO public.browse_packagebranchdetails (id, available, offer_type, offer_start_date, offer_expire_date, offer_discount, offer_buy_n, offer_get_n, branch_id, package_id) VALUES (5, true, 'N', null, null, 0, 1, 0, 3, 7);
INSERT INTO public.browse_packagebranchdetails (id, available, offer_type, offer_start_date, offer_expire_date, offer_discount, offer_buy_n, offer_get_n, branch_id, package_id) VALUES (6, true, 'N', null, null, 0, 1, 0, 3, 8);
INSERT INTO public.browse_packagebranchdetails (id, available, offer_type, offer_start_date, offer_expire_date, offer_discount, offer_buy_n, offer_get_n, branch_id, package_id) VALUES (7, true, 'N', null, null, 0, 1, 0, 4, 8);
INSERT INTO public.browse_packagebranchdetails (id, available, offer_type, offer_start_date, offer_expire_date, offer_discount, offer_buy_n, offer_get_n, branch_id, package_id) VALUES (8, true, 'N', null, null, 0, 1, 0, 4, 7);
INSERT INTO public.browse_packagebranchdetails (id, available, offer_type, offer_start_date, offer_expire_date, offer_discount, offer_buy_n, offer_get_n, branch_id, package_id) VALUES (9, true, 'N', null, null, 0, 1, 0, 4, 9);
INSERT INTO public.browse_packagebranchdetails (id, available, offer_type, offer_start_date, offer_expire_date, offer_discount, offer_buy_n, offer_get_n, branch_id, package_id) VALUES (10, true, 'B', '2019-09-01', '2019-09-09', 0, 2, 1, 3, 9);
INSERT INTO public.browse_packagebranchdetails (id, available, offer_type, offer_start_date, offer_expire_date, offer_discount, offer_buy_n, offer_get_n, branch_id, package_id) VALUES (11, true, 'N', null, null, 0, 1, 0, 4, 10);
INSERT INTO public.browse_packagebranchdetails (id, available, offer_type, offer_start_date, offer_expire_date, offer_discount, offer_buy_n, offer_get_n, branch_id, package_id) VALUES (12, true, 'N', null, null, 0, 1, 0, 3, 10);
INSERT INTO public.browse_packagebranchdetails (id, available, offer_type, offer_start_date, offer_expire_date, offer_discount, offer_buy_n, offer_get_n, branch_id, package_id) VALUES (13, true, 'N', null, null, 0, 1, 0, 4, 11);
INSERT INTO public.browse_packagebranchdetails (id, available, offer_type, offer_start_date, offer_expire_date, offer_discount, offer_buy_n, offer_get_n, branch_id, package_id) VALUES (14, true, 'N', null, null, 0, 1, 0, 3, 11);
INSERT INTO public.browse_packagebranchdetails (id, available, offer_type, offer_start_date, offer_expire_date, offer_discount, offer_buy_n, offer_get_n, branch_id, package_id) VALUES (15, true, 'N', null, null, 0, 1, 0, 6, 12);
INSERT INTO public.browse_packagecomment (id, comment, time, package_id, user_id) VALUES (1, 'This is a very good item', '2019-08-23 14:13:55.175000', 7, 2);
INSERT INTO public.browse_packagecomment (id, comment, time, package_id, user_id) VALUES (2, 'This is waste of money !!!!', '2019-08-23 14:27:09.646000', 7, 11);
INSERT INTO public.browse_packagecomment (id, comment, time, package_id, user_id) VALUES (3, 'This is very good', '2019-08-25 05:49:52.941000', 2, 2);
INSERT INTO public.browse_packagecomment (id, comment, time, package_id, user_id) VALUES (4, 'This is the best burger you will ever eat. :D', '2019-08-25 06:19:00.644000', 6, 2);
INSERT INTO public.browse_packagecomment (id, comment, time, package_id, user_id) VALUES (5, '', '2019-08-31 05:05:31.548000', 6, 12);
INSERT INTO public.browse_packagecomment (id, comment, time, package_id, user_id) VALUES (6, 'Good comparing to price', '2019-09-13 16:56:27.416016', 12, 2);
INSERT INTO public.browse_packagecommentreact (id, liked, disliked, post_id, user_id) VALUES (1, true, false, 3, 2);
INSERT INTO public.browse_packagecommentreact (id, liked, disliked, post_id, user_id) VALUES (2, true, false, 4, 2);
INSERT INTO public.browse_packagecommentreact (id, liked, disliked, post_id, user_id) VALUES (3, false, true, 4, 12);
INSERT INTO public.browse_packagecommentreact (id, liked, disliked, post_id, user_id) VALUES (4, false, true, 5, 12);
INSERT INTO public.browse_packagecommentreact (id, liked, disliked, post_id, user_id) VALUES (5, true, false, 6, 2);
INSERT INTO public.browse_packagerating (id, rating, package_id, user_id) VALUES (3, 5, 7, 2);
INSERT INTO public.browse_packagerating (id, rating, package_id, user_id) VALUES (4, 3, 7, 11);
INSERT INTO public.browse_packagerating (id, rating, package_id, user_id) VALUES (6, 3, 6, 12);
INSERT INTO public.browse_packagerating (id, rating, package_id, user_id) VALUES (7, 4, 7, 12);
INSERT INTO public.browse_packagerating (id, rating, package_id, user_id) VALUES (8, 5, 5, 12);
INSERT INTO public.browse_packagerating (id, rating, package_id, user_id) VALUES (9, 5, 12, 2);
INSERT INTO public.browse_packagerating (id, rating, package_id, user_id) VALUES (5, 5, 2, 2);
INSERT INTO public.customer_notification (id, message, time, read, read_time, user_id) VALUES (27, 'Your order:1 from Takeout Dhanmondi with 1 items has been placed in manager''s queue for confirmation.', '2019-08-31 05:17:20.748000', true, '2019-09-08 08:24:46.810000', 12);
INSERT INTO public.customer_notification (id, message, time, read, read_time, user_id) VALUES (28, 'Your order:1 from Takeout Dhanmondi has been confirmed and pending for delivery.', '2019-08-31 05:21:21.841000', true, '2019-09-08 08:24:46.809000', 12);
INSERT INTO public.customer_notification (id, message, time, read, read_time, user_id) VALUES (29, 'Your order:1 from Takeout Dhanmondi has been proceeded to deliver.
Wait for deliveryman to reach at your delivery address', '2019-09-01 06:47:51.698000', true, '2019-09-08 08:24:46.863000', 12);
INSERT INTO public.customer_notification (id, message, time, read, read_time, user_id) VALUES (30, 'Your order:2 from Takeout Dhanmondi with 1 items has been placed in manager''s queue for confirmation.', '2019-09-01 06:49:02.582000', true, '2019-09-08 08:24:46.862000', 12);
INSERT INTO public.customer_notification (id, message, time, read, read_time, user_id) VALUES (31, 'Your order:2 from Takeout Dhanmondi has been confirmed and pending for delivery.', '2019-09-01 06:51:12.269000', true, '2019-09-08 08:24:46.859000', 12);
INSERT INTO public.customer_notification (id, message, time, read, read_time, user_id) VALUES (32, 'Your order:2 from Takeout Dhanmondi has been proceeded to deliver.
Wait for deliveryman to reach at your delivery address', '2019-09-01 06:51:38.557000', true, '2019-09-08 08:24:46.856000', 12);
INSERT INTO public.customer_notification (id, message, time, read, read_time, user_id) VALUES (33, 'Your order:2 from Takeout Dhanmondi has been proceeded to deliver.
Wait for deliveryman to reach at your delivery address', '2019-09-01 06:51:42.013000', true, '2019-09-08 08:24:46.870000', 12);
INSERT INTO public.customer_notification (id, message, time, read, read_time, user_id) VALUES (34, 'Your order:3 from Takeout Dhanmondi with 1 items has been placed in manager''s queue for confirmation.', '2019-09-01 07:41:42.563000', true, '2019-09-08 08:24:46.867000', 12);
INSERT INTO public.customer_notification (id, message, time, read, read_time, user_id) VALUES (35, 'Your order:3 from Takeout Dhanmondi has been confirmed and pending for delivery.', '2019-09-01 08:12:23.247000', true, '2019-09-08 08:24:46.864000', 12);
INSERT INTO public.customer_notification (id, message, time, read, read_time, user_id) VALUES (36, 'Your order: 3 from Takeout Dhanmondi has been proceeded to deliver.
Wait for deliveryman to reach at your delivery address', '2019-09-01 08:12:57.539000', true, '2019-09-08 08:24:46.866000', 12);
INSERT INTO public.customer_notification (id, message, time, read, read_time, user_id) VALUES (37, 'Your order:4 from Takeout Dhanmondi with 1 items has been placed in manager''s queue for confirmation.', '2019-09-01 08:16:50.958000', true, '2019-09-08 08:24:46.814000', 12);
INSERT INTO public.customer_notification (id, message, time, read, read_time, user_id) VALUES (38, 'Your order:4 from Takeout Dhanmondi has been confirmed and pending for delivery.', '2019-09-01 08:16:58.676000', true, '2019-09-08 08:24:46.816000', 12);
INSERT INTO public.customer_notification (id, message, time, read, read_time, user_id) VALUES (39, 'Your order: 4 from Takeout Dhanmondi has been proceeded to deliver.
Wait for deliveryman to reach at your delivery address', '2019-09-01 08:17:32.743000', true, '2019-09-08 08:24:46.818000', 12);
INSERT INTO public.customer_notification (id, message, time, read, read_time, user_id) VALUES (40, 'Your order: 1 from Takeout Dhanmondi was delivered to your delivery address', '2019-09-01 08:20:05.530000', true, '2019-09-08 08:24:46.820000', 12);
INSERT INTO public.customer_notification (id, message, time, read, read_time, user_id) VALUES (41, 'Your order: 3 from Takeout Dhanmondi was delivered to your delivery address', '2019-09-01 08:20:05.558000', true, '2019-09-08 08:24:46.823000', 12);
INSERT INTO public.customer_notification (id, message, time, read, read_time, user_id) VALUES (42, 'Your order: 4 from Takeout Dhanmondi was delivered to your delivery address', '2019-09-01 08:20:05.566000', true, '2019-09-08 08:24:46.825000', 12);
INSERT INTO public.customer_notification (id, message, time, read, read_time, user_id) VALUES (43, 'Your order: 2 from Takeout Dhanmondi was delivered to your delivery address', '2019-09-01 08:24:19.620000', true, '2019-09-08 08:24:46.827000', 12);
INSERT INTO public.customer_notification (id, message, time, read, read_time, user_id) VALUES (44, 'Your order:5 from Takeout Dhanmondi with 1 items has been placed in manager''s queue for confirmation.', '2019-09-01 08:30:06.303000', true, '2019-09-08 08:24:46.836000', 12);
INSERT INTO public.customer_notification (id, message, time, read, read_time, user_id) VALUES (45, 'Your order:5 from Takeout Dhanmondi has been confirmed and pending for delivery.', '2019-09-01 08:31:02.970000', true, '2019-09-08 08:24:46.838000', 12);
INSERT INTO public.customer_notification (id, message, time, read, read_time, user_id) VALUES (46, 'Your order: 5 from Takeout Dhanmondi has been proceeded to deliver.
Wait for deliveryman to reach at your delivery address', '2019-09-01 08:31:16.234000', true, '2019-09-08 08:24:46.839000', 12);
INSERT INTO public.customer_notification (id, message, time, read, read_time, user_id) VALUES (47, 'Your order: 5 from Takeout Dhanmondi was delivered to your delivery address', '2019-09-01 08:31:27.137000', true, '2019-09-08 08:24:46.767000', 12);
INSERT INTO public.customer_notification (id, message, time, read, read_time, user_id) VALUES (48, 'Your order:6 from Takeout Dhanmondi with 1 items has been placed in manager''s queue for confirmation.', '2019-09-01 08:33:18.094000', true, '2019-09-08 08:24:46.805000', 12);
INSERT INTO public.customer_notification (id, message, time, read, read_time, user_id) VALUES (49, 'Your order:7 from Takeout Dhanmondi with 2 items has been placed in manager''s queue for confirmation.', '2019-09-01 08:34:02.548000', true, '2019-09-08 08:24:46.807000', 12);
INSERT INTO public.customer_notification (id, message, time, read, read_time, user_id) VALUES (50, 'Your order:8 from Takeout Dhanmondi with 1 items has been placed in manager''s queue for confirmation.', '2019-09-01 08:34:32.713000', true, '2019-09-08 08:24:46.811000', 12);
INSERT INTO public.customer_notification (id, message, time, read, read_time, user_id) VALUES (51, 'Your order:6 from Takeout Dhanmondi has been confirmed and pending for delivery.', '2019-09-01 08:34:38.664000', true, '2019-09-08 08:24:46.813000', 12);
INSERT INTO public.customer_notification (id, message, time, read, read_time, user_id) VALUES (52, 'Your order:8 from Takeout Dhanmondi has been confirmed and pending for delivery.', '2019-09-01 08:34:38.695000', true, '2019-09-08 08:24:46.828000', 12);
INSERT INTO public.customer_notification (id, message, time, read, read_time, user_id) VALUES (53, 'Your order:7 from Takeout Dhanmondi has been confirmed and pending for delivery.', '2019-09-01 08:34:38.698000', true, '2019-09-08 08:24:46.830000', 12);
INSERT INTO public.customer_notification (id, message, time, read, read_time, user_id) VALUES (54, 'Your order: 7 from Takeout Dhanmondi has been proceeded to deliver.
Wait for deliveryman to reach at your delivery address', '2019-09-01 08:35:14.629000', true, '2019-09-08 08:24:46.832000', 12);
INSERT INTO public.customer_notification (id, message, time, read, read_time, user_id) VALUES (55, 'Your order: 6 from Takeout Dhanmondi has been proceeded to deliver.
Wait for deliveryman to reach at your delivery address', '2019-09-01 08:35:14.647000', true, '2019-09-08 08:24:46.833000', 12);
INSERT INTO public.customer_notification (id, message, time, read, read_time, user_id) VALUES (56, 'Your order: 8 from Takeout Dhanmondi has been proceeded to deliver.
Wait for deliveryman to reach at your delivery address', '2019-09-01 08:35:14.669000', true, '2019-09-08 08:24:46.835000', 12);
INSERT INTO public.customer_notification (id, message, time, read, read_time, user_id) VALUES (57, 'Your order:9 from Takeout Dhanmondi with 1 items has been placed in manager''s queue for confirmation.', '2019-09-01 08:37:13.260000', true, '2019-09-08 08:24:46.841000', 12);
INSERT INTO public.customer_notification (id, message, time, read, read_time, user_id) VALUES (58, 'Your order:10 from Takeout Dhanmondi with 1 items has been placed in manager''s queue for confirmation.', '2019-09-01 08:37:55.553000', true, '2019-09-08 08:24:46.847000', 12);
INSERT INTO public.customer_notification (id, message, time, read, read_time, user_id) VALUES (59, 'Your order:11 from Takeout Dhanmondi with 1 items has been placed in manager''s queue for confirmation.', '2019-09-01 08:38:21.578000', true, '2019-09-08 08:24:46.852000', 12);
INSERT INTO public.customer_notification (id, message, time, read, read_time, user_id) VALUES (60, 'Your order:10 from Takeout Dhanmondi has been confirmed and pending for delivery.', '2019-09-01 08:38:53.856000', true, '2019-09-08 08:24:46.853000', 12);
INSERT INTO public.customer_notification (id, message, time, read, read_time, user_id) VALUES (61, 'Your order:9 from Takeout Dhanmondi has been confirmed and pending for delivery.', '2019-09-01 08:38:58.285000', true, '2019-09-08 08:24:46.855000', 12);
INSERT INTO public.customer_notification (id, message, time, read, read_time, user_id) VALUES (10, 'You have a new notification', '2019-08-25 05:40:41.418000', true, '2019-09-15 07:32:09.579972', 2);
INSERT INTO public.customer_notification (id, message, time, read, read_time, user_id) VALUES (11, 'You have a new notification', '2019-08-25 06:15:17.462000', true, '2019-09-15 07:32:09.581966', 2);
INSERT INTO public.customer_notification (id, message, time, read, read_time, user_id) VALUES (12, 'You have a new notification', '2019-08-25 06:33:24.621000', true, '2019-09-15 07:32:09.583960', 2);
INSERT INTO public.customer_notification (id, message, time, read, read_time, user_id) VALUES (14, 'You have a new notification', '2019-08-25 07:06:06.302000', true, '2019-09-15 07:32:09.587920', 2);
INSERT INTO public.customer_notification (id, message, time, read, read_time, user_id) VALUES (15, 'You have a new notification', '2019-08-25 07:06:07.128000', true, '2019-09-15 07:32:09.591023', 2);
INSERT INTO public.customer_notification (id, message, time, read, read_time, user_id) VALUES (16, 'You have a new notification', '2019-08-25 07:08:47.537000', true, '2019-09-15 07:32:09.594012', 2);
INSERT INTO public.customer_notification (id, message, time, read, read_time, user_id) VALUES (17, 'You have a new notification', '2019-08-25 07:08:48.319000', true, '2019-09-15 07:32:09.597040', 2);
INSERT INTO public.customer_notification (id, message, time, read, read_time, user_id) VALUES (18, 'You have a new notification', '2019-08-25 07:09:39.222000', true, '2019-09-15 07:32:09.599997', 2);
INSERT INTO public.customer_notification (id, message, time, read, read_time, user_id) VALUES (19, 'You have a new notification', '2019-08-25 07:09:40.199000', true, '2019-09-15 07:32:09.601991', 2);
INSERT INTO public.customer_notification (id, message, time, read, read_time, user_id) VALUES (20, 'You have a new notification', '2019-08-25 08:16:24.503000', true, '2019-09-15 07:32:09.603987', 2);
INSERT INTO public.customer_notification (id, message, time, read, read_time, user_id) VALUES (21, 'You have a new notification', '2019-08-25 08:16:49.209000', true, '2019-09-15 07:32:09.606977', 2);
INSERT INTO public.customer_notification (id, message, time, read, read_time, user_id) VALUES (22, 'You have a new notification', '2019-08-25 08:16:50.607000', true, '2019-09-15 07:32:09.608973', 2);
INSERT INTO public.customer_notification (id, message, time, read, read_time, user_id) VALUES (23, 'You have a new notification', '2019-08-25 08:25:45.016000', true, '2019-09-15 07:32:09.610969', 2);
INSERT INTO public.customer_notification (id, message, time, read, read_time, user_id) VALUES (24, 'You have a new notification', '2019-08-25 08:25:45.889000', true, '2019-09-15 07:32:09.612962', 2);
INSERT INTO public.customer_notification (id, message, time, read, read_time, user_id) VALUES (25, 'You have a new notification', '2019-08-25 08:27:37.937000', true, '2019-09-15 07:32:09.614958', 2);
INSERT INTO public.customer_notification (id, message, time, read, read_time, user_id) VALUES (26, 'You have a new notification', '2019-08-25 08:27:38.675000', true, '2019-09-15 07:32:09.616982', 2);
INSERT INTO public.customer_notification (id, message, time, read, read_time, user_id) VALUES (2, 'You have a new notification', '2019-08-24 18:29:32.546000', true, '2019-09-15 07:32:09.618960', 2);
INSERT INTO public.customer_notification (id, message, time, read, read_time, user_id) VALUES (4, 'You have a new notification', '2019-08-24 18:42:26.217000', true, '2019-09-15 07:32:09.620957', 2);
INSERT INTO public.customer_notification (id, message, time, read, read_time, user_id) VALUES (5, 'You have a new notification', '2019-08-24 18:42:27.653000', true, '2019-09-15 07:32:09.622949', 2);
INSERT INTO public.customer_notification (id, message, time, read, read_time, user_id) VALUES (6, 'You have a new notification', '2019-08-24 18:42:28.403000', true, '2019-09-15 07:32:09.624944', 2);
INSERT INTO public.customer_notification (id, message, time, read, read_time, user_id) VALUES (7, 'You have a new notification', '2019-08-25 05:26:23.552000', true, '2019-09-15 07:32:09.627939', 2);
INSERT INTO public.customer_notification (id, message, time, read, read_time, user_id) VALUES (8, 'You have a new notification', '2019-08-25 05:29:10.365000', true, '2019-09-15 07:32:09.629933', 2);
INSERT INTO public.customer_notification (id, message, time, read, read_time, user_id) VALUES (9, 'You have a new notification', '2019-08-25 05:33:25.796000', true, '2019-09-15 07:32:09.540077', 2);
INSERT INTO public.customer_notification (id, message, time, read, read_time, user_id) VALUES (62, 'Your order:11 from Takeout Dhanmondi has been confirmed and pending for delivery.', '2019-09-01 08:39:00.425000', true, '2019-09-08 08:24:46.873000', 12);
INSERT INTO public.customer_notification (id, message, time, read, read_time, user_id) VALUES (63, 'Your order: 10 from Takeout Dhanmondi has been proceeded to deliver.
Wait for deliveryman to reach at your delivery address', '2019-09-01 08:39:19.434000', true, '2019-09-08 08:24:46.874000', 12);
INSERT INTO public.customer_notification (id, message, time, read, read_time, user_id) VALUES (64, 'Your order: 9 from Takeout Dhanmondi has been proceeded to deliver.
Wait for deliveryman to reach at your delivery address', '2019-09-01 08:39:44.916000', true, '2019-09-08 08:24:46.876000', 12);
INSERT INTO public.customer_notification (id, message, time, read, read_time, user_id) VALUES (65, 'Your order: 10 from Takeout Dhanmondi was delivered to your delivery address', '2019-09-01 08:40:22.544000', true, '2019-09-08 08:24:46.877000', 12);
INSERT INTO public.customer_notification (id, message, time, read, read_time, user_id) VALUES (66, 'Your order:11 from Takeout Dhanmondi has been proceeded to deliver.
Wait for deliveryman to reach at your delivery address', '2019-09-08 07:49:02.912000', true, '2019-09-08 08:24:46.880000', 12);
INSERT INTO public.customer_notification (id, message, time, read, read_time, user_id) VALUES (67, 'Your order:9 from Takeout Dhanmondi was delivered to your delivery address', '2019-09-08 07:49:41.291000', true, '2019-09-08 08:24:46.883000', 12);
INSERT INTO public.customer_notification (id, message, time, read, read_time, user_id) VALUES (68, 'Your order:11 from Takeout Dhanmondi was delivered to your delivery address', '2019-09-08 07:53:36.781000', true, '2019-09-08 08:24:46.887000', 12);
INSERT INTO public.customer_notification (id, message, time, read, read_time, user_id) VALUES (69, 'Your order:12 from Takeout Dhanmondi with 1 items has been placed in manager''s queue for confirmation.', '2019-09-08 08:14:40.286000', true, '2019-09-08 08:24:46.890000', 12);
INSERT INTO public.customer_notification (id, message, time, read, read_time, user_id) VALUES (70, 'Your order: 13 from Takeout Dhanmondi with 3 items has been placed in manager''s queue for confirmation.', '2019-09-08 08:21:33.069000', true, '2019-09-08 08:24:46.891000', 12);
INSERT INTO public.customer_notification (id, message, time, read, read_time, user_id) VALUES (71, 'Your order:12 from Takeout Dhanmondi has been confirmed and pending for delivery.', '2019-09-08 08:22:38.108000', true, '2019-09-08 08:24:46.892000', 12);
INSERT INTO public.customer_notification (id, message, time, read, read_time, user_id) VALUES (72, 'Your order:13 from Takeout Dhanmondi has been confirmed and pending for delivery.', '2019-09-08 08:22:43.908000', true, '2019-09-08 08:24:46.893000', 12);
INSERT INTO public.customer_notification (id, message, time, read, read_time, user_id) VALUES (87, 'You accepted delivery for order id:15 to deliver to subangkar', '2019-09-15 07:23:19.265217', true, '2019-09-16 13:18:37.912334', 16);
INSERT INTO public.customer_notification (id, message, time, read, read_time, user_id) VALUES (73, ' You are admin ', '2019-09-12 12:51:33.592266', true, '2019-09-12 12:52:21.105120', 1);
INSERT INTO public.customer_notification (id, message, time, read, read_time, user_id) VALUES (74, 'you are one of the admins', '2019-09-12 12:52:13.538341', true, '2019-09-12 12:52:21.111120', 1);
INSERT INTO public.customer_notification (id, message, time, read, read_time, user_id) VALUES (89, 'You delivered order id:15 to subangkar', '2019-09-15 07:23:51.243742', true, '2019-09-16 13:18:37.922308', 16);
INSERT INTO public.customer_notification (id, message, time, read, read_time, user_id) VALUES (75, ' hey food fair ', '2019-09-12 12:53:48.426270', true, '2019-09-12 12:53:57.791895', 26);
INSERT INTO public.customer_notification (id, message, time, read, read_time, user_id) VALUES (90, 'Welcome Back, dmd2', '2019-09-16 13:17:37.981783', true, '2019-09-16 13:18:37.924302', 16);
INSERT INTO public.customer_notification (id, message, time, read, read_time, user_id) VALUES (84, 'A new order with id: 15 arrived for delivery from Takeout Dhanmondi', '2019-09-15 07:16:43.084076', true, '2019-09-16 13:18:37.926297', 16);
INSERT INTO public.customer_notification (id, message, time, read, read_time, user_id) VALUES (80, 'Your order:14 from Takeout Dhanmondi has been confirmed and pending for delivery.', '2019-09-15 06:57:44.270636', true, '2019-09-15 07:32:09.631960', 2);
INSERT INTO public.customer_notification (id, message, time, read, read_time, user_id) VALUES (81, 'Your order: 14 from Takeout Dhanmondi has been proceeded to deliver.
Wait for deliveryman to reach at your delivery address.', '2019-09-15 07:03:37.555549', true, '2019-09-15 07:32:09.633921', 2);
INSERT INTO public.customer_notification (id, message, time, read, read_time, user_id) VALUES (82, 'Your order: 14 from Takeout Dhanmondi was delivered to your delivery address.', '2019-09-15 07:08:22.986407', true, '2019-09-15 07:32:09.635917', 2);
INSERT INTO public.customer_notification (id, message, time, read, read_time, user_id) VALUES (83, 'Your order:15 from Takeout Dhanmondi has been confirmed and pending for delivery.', '2019-09-15 07:16:43.069451', true, '2019-09-15 07:32:09.637909', 2);
INSERT INTO public.customer_notification (id, message, time, read, read_time, user_id) VALUES (86, 'Your order: 15 from Takeout Dhanmondi has been proceeded to deliver.
Wait for deliveryman to reach at your delivery address.', '2019-09-15 07:23:19.254244', true, '2019-09-15 07:32:09.638906', 2);
INSERT INTO public.customer_notification (id, message, time, read, read_time, user_id) VALUES (77, 'You have a new order with id: 14 of 1 items', '2019-09-15 05:18:33.429811', false, null, 9);
INSERT INTO public.customer_notification (id, message, time, read, read_time, user_id) VALUES (79, 'You have a new order with id: 15 of 1 items', '2019-09-15 06:13:31.062015', false, null, 9);
INSERT INTO public.customer_notification (id, message, time, read, read_time, user_id) VALUES (88, 'Your order: 15 from Takeout Dhanmondi was delivered to your delivery address.', '2019-09-15 07:23:51.234778', true, '2019-09-15 07:32:09.641899', 2);
INSERT INTO public.customer_notification (id, message, time, read, read_time, user_id) VALUES (3, 'You have a new notification', '2019-08-24 18:40:52.628000', true, '2019-09-15 07:32:09.643893', 2);
INSERT INTO public.customer_notification (id, message, time, read, read_time, user_id) VALUES (1, 'You have a new notification', '2019-08-24 18:25:06.102000', true, '2019-09-15 07:32:09.645889', 2);
INSERT INTO public.customer_notification (id, message, time, read, read_time, user_id) VALUES (13, 'You have a new notification', '2019-08-25 07:01:54.534000', true, '2019-09-15 07:32:09.647895', 2);
INSERT INTO public.customer_notification (id, message, time, read, read_time, user_id) VALUES (76, 'Your order: 14 from Takeout Dhanmondi with 1 items has been placed in manager''s queue for confirmation.', '2019-09-15 05:18:33.304154', true, '2019-09-15 07:32:09.649889', 2);
INSERT INTO public.customer_notification (id, message, time, read, read_time, user_id) VALUES (85, 'A new order with id: 15 arrived for delivery from Takeout Dhanmondi', '2019-09-15 07:16:43.098039', false, null, 17);
INSERT INTO public.customer_notification (id, message, time, read, read_time, user_id) VALUES (78, 'Your order: 15 from Takeout Dhanmondi with 1 items has been placed in manager''s queue for confirmation.', '2019-09-15 06:13:31.050015', true, '2019-09-15 07:32:09.651885', 2);
INSERT INTO public.django_admin_log (id, action_time, object_id, object_repr, action_flag, change_message, content_type_id, user_id) VALUES (1, '2019-08-23 11:13:02.651000', '1', 'example.com', 3, '', 6, 1);
INSERT INTO public.django_admin_log (id, action_time, object_id, object_repr, action_flag, change_message, content_type_id, user_id) VALUES (2, '2019-08-23 11:13:14.821000', '2', 'foodsquare.com', 1, '[{"added": {}}]', 6, 1);
INSERT INTO public.django_admin_log (id, action_time, object_id, object_repr, action_flag, change_message, content_type_id, user_id) VALUES (3, '2019-08-23 11:13:28.892000', '3', 'foodsquare.net', 1, '[{"added": {}}]', 6, 1);
INSERT INTO public.django_admin_log (id, action_time, object_id, object_repr, action_flag, change_message, content_type_id, user_id) VALUES (4, '2019-08-23 11:13:37.140000', '4', 'localhost', 1, '[{"added": {}}]', 6, 1);
INSERT INTO public.django_admin_log (id, action_time, object_id, object_repr, action_flag, change_message, content_type_id, user_id) VALUES (5, '2019-08-23 11:15:00.027000', '1', 'foodsquare', 1, '[{"added": {}}]', 33, 1);
INSERT INTO public.django_admin_log (id, action_time, object_id, object_repr, action_flag, change_message, content_type_id, user_id) VALUES (6, '2019-08-23 11:15:33.864000', '1', 'foodsquare', 2, '[{"changed": {"fields": ["sites"]}}]', 33, 1);
INSERT INTO public.django_admin_log (id, action_time, object_id, object_repr, action_flag, change_message, content_type_id, user_id) VALUES (7, '2019-08-23 11:17:16.705000', '1', 'foodsquare', 2, '[{"changed": {"fields": ["sites"]}}]', 33, 1);
INSERT INTO public.django_content_type (id, app_label, model) VALUES (1, 'admin', 'logentry');
INSERT INTO public.django_content_type (id, app_label, model) VALUES (2, 'auth', 'permission');
INSERT INTO public.django_content_type (id, app_label, model) VALUES (3, 'auth', 'group');
INSERT INTO public.django_content_type (id, app_label, model) VALUES (4, 'contenttypes', 'contenttype');
INSERT INTO public.django_content_type (id, app_label, model) VALUES (5, 'sessions', 'session');
INSERT INTO public.django_content_type (id, app_label, model) VALUES (6, 'sites', 'site');
INSERT INTO public.django_content_type (id, app_label, model) VALUES (7, 'browse', 'branchcomment');
INSERT INTO public.django_content_type (id, app_label, model) VALUES (8, 'browse', 'ingredient');
INSERT INTO public.django_content_type (id, app_label, model) VALUES (9, 'browse', 'ingredientlist');
INSERT INTO public.django_content_type (id, app_label, model) VALUES (10, 'browse', 'package');
INSERT INTO public.django_content_type (id, app_label, model) VALUES (11, 'browse', 'packagecomment');
INSERT INTO public.django_content_type (id, app_label, model) VALUES (12, 'browse', 'useroffer');
INSERT INTO public.django_content_type (id, app_label, model) VALUES (13, 'browse', 'packagerating');
INSERT INTO public.django_content_type (id, app_label, model) VALUES (14, 'browse', 'packagecommentreact');
INSERT INTO public.django_content_type (id, app_label, model) VALUES (15, 'browse', 'packagebranchdetails');
INSERT INTO public.django_content_type (id, app_label, model) VALUES (16, 'browse', 'branchcommentreact');
INSERT INTO public.django_content_type (id, app_label, model) VALUES (17, 'browse', 'branchrating');
INSERT INTO public.django_content_type (id, app_label, model) VALUES (18, 'accounts', 'user');
INSERT INTO public.django_content_type (id, app_label, model) VALUES (19, 'accounts', 'delivery');
INSERT INTO public.django_content_type (id, app_label, model) VALUES (20, 'accounts', 'deliveryman');
INSERT INTO public.django_content_type (id, app_label, model) VALUES (21, 'accounts', 'order');
INSERT INTO public.django_content_type (id, app_label, model) VALUES (22, 'accounts', 'orderpackagelist');
INSERT INTO public.django_content_type (id, app_label, model) VALUES (23, 'accounts', 'payment');
INSERT INTO public.django_content_type (id, app_label, model) VALUES (24, 'accounts', 'restaurant');
INSERT INTO public.django_content_type (id, app_label, model) VALUES (25, 'accounts', 'restaurantbranch');
INSERT INTO public.django_content_type (id, app_label, model) VALUES (26, 'accounts', 'userprofile');
INSERT INTO public.django_content_type (id, app_label, model) VALUES (27, 'manager', 'menu');
INSERT INTO public.django_content_type (id, app_label, model) VALUES (28, 'customer', 'notificationmonitor');
INSERT INTO public.django_content_type (id, app_label, model) VALUES (29, 'customer', 'notification');
INSERT INTO public.django_content_type (id, app_label, model) VALUES (30, 'account', 'emailaddress');
INSERT INTO public.django_content_type (id, app_label, model) VALUES (31, 'account', 'emailconfirmation');
INSERT INTO public.django_content_type (id, app_label, model) VALUES (32, 'socialaccount', 'socialaccount');
INSERT INTO public.django_content_type (id, app_label, model) VALUES (33, 'socialaccount', 'socialapp');
INSERT INTO public.django_content_type (id, app_label, model) VALUES (34, 'socialaccount', 'socialtoken');
INSERT INTO public.django_content_type (id, app_label, model) VALUES (35, 'webAdmin', 'config');
INSERT INTO public.django_migrations (id, app, name, applied) VALUES (1, 'accounts', '0001_initial', '2019-09-10 14:18:00.636983');
INSERT INTO public.django_migrations (id, app, name, applied) VALUES (2, 'account', '0001_initial', '2019-09-10 14:18:01.137644');
INSERT INTO public.django_migrations (id, app, name, applied) VALUES (3, 'account', '0002_email_max_length', '2019-09-10 14:18:01.493690');
INSERT INTO public.django_migrations (id, app, name, applied) VALUES (4, 'browse', '0001_initial', '2019-09-10 14:18:03.227499');
INSERT INTO public.django_migrations (id, app, name, applied) VALUES (5, 'contenttypes', '0001_initial', '2019-09-10 14:18:05.060920');
INSERT INTO public.django_migrations (id, app, name, applied) VALUES (6, 'contenttypes', '0002_remove_content_type_name', '2019-09-10 14:18:05.107793');
INSERT INTO public.django_migrations (id, app, name, applied) VALUES (7, 'auth', '0001_initial', '2019-09-10 14:18:05.365407');
INSERT INTO public.django_migrations (id, app, name, applied) VALUES (8, 'auth', '0002_alter_permission_name_max_length', '2019-09-10 14:18:05.653637');
INSERT INTO public.django_migrations (id, app, name, applied) VALUES (9, 'auth', '0003_alter_user_email_max_length', '2019-09-10 14:18:05.670623');
INSERT INTO public.django_migrations (id, app, name, applied) VALUES (10, 'auth', '0004_alter_user_username_opts', '2019-09-10 14:18:05.705517');
INSERT INTO public.django_migrations (id, app, name, applied) VALUES (11, 'auth', '0005_alter_user_last_login_null', '2019-09-10 14:18:05.730615');
INSERT INTO public.django_migrations (id, app, name, applied) VALUES (12, 'auth', '0006_require_contenttypes_0002', '2019-09-10 14:18:05.742583');
INSERT INTO public.django_migrations (id, app, name, applied) VALUES (13, 'auth', '0007_alter_validators_add_error_messages', '2019-09-10 14:18:05.767516');
INSERT INTO public.django_migrations (id, app, name, applied) VALUES (14, 'auth', '0008_alter_user_username_max_length', '2019-09-10 14:18:05.784473');
INSERT INTO public.django_migrations (id, app, name, applied) VALUES (15, 'auth', '0009_alter_user_last_name_max_length', '2019-09-10 14:18:05.806416');
INSERT INTO public.django_migrations (id, app, name, applied) VALUES (16, 'auth', '0010_alter_group_name_max_length', '2019-09-10 14:18:05.833343');
INSERT INTO public.django_migrations (id, app, name, applied) VALUES (17, 'auth', '0011_update_proxy_permissions', '2019-09-10 14:18:05.877224');
INSERT INTO public.django_migrations (id, app, name, applied) VALUES (18, 'accounts', '0002_auto_20190910_2017', '2019-09-10 14:18:06.452146');
INSERT INTO public.django_migrations (id, app, name, applied) VALUES (19, 'admin', '0001_initial', '2019-09-10 14:18:07.681418');
INSERT INTO public.django_migrations (id, app, name, applied) VALUES (20, 'admin', '0002_logentry_remove_auto_add', '2019-09-10 14:18:07.827029');
INSERT INTO public.django_migrations (id, app, name, applied) VALUES (21, 'admin', '0003_logentry_add_action_flag_choices', '2019-09-10 14:18:07.871921');
INSERT INTO public.django_migrations (id, app, name, applied) VALUES (22, 'customer', '0001_initial', '2019-09-10 14:18:08.227142');
INSERT INTO public.django_migrations (id, app, name, applied) VALUES (23, 'manager', '0001_initial', '2019-09-10 14:18:08.464584');
INSERT INTO public.django_migrations (id, app, name, applied) VALUES (24, 'sessions', '0001_initial', '2019-09-10 14:18:08.599224');
INSERT INTO public.django_migrations (id, app, name, applied) VALUES (25, 'sites', '0001_initial', '2019-09-10 14:18:08.745332');
INSERT INTO public.django_migrations (id, app, name, applied) VALUES (26, 'sites', '0002_alter_domain_unique', '2019-09-10 14:18:08.876448');
INSERT INTO public.django_migrations (id, app, name, applied) VALUES (27, 'socialaccount', '0001_initial', '2019-09-10 14:18:09.907799');
INSERT INTO public.django_migrations (id, app, name, applied) VALUES (28, 'socialaccount', '0002_token_max_lengths', '2019-09-10 14:18:10.755530');
INSERT INTO public.django_migrations (id, app, name, applied) VALUES (29, 'socialaccount', '0003_extra_data_default_dict', '2019-09-10 14:18:11.024329');
INSERT INTO public.django_migrations (id, app, name, applied) VALUES (30, 'accounts', '0003_auto_20190912_2030', '2019-09-12 14:30:17.612910');
INSERT INTO public.django_migrations (id, app, name, applied) VALUES (31, 'webAdmin', '0001_initial', '2019-09-12 14:30:19.649115');
INSERT INTO public.django_migrations (id, app, name, applied) VALUES (32, 'accounts', '0004_user_is_suspended', '2019-09-14 12:52:25.521251');
INSERT INTO public.django_migrations (id, app, name, applied) VALUES (33, 'accounts', '0005_restaurantbranch_image', '2019-09-14 13:36:02.628087');
INSERT INTO public.django_migrations (id, app, name, applied) VALUES (34, 'accounts', '0006_auto_20190915_1302', '2019-09-15 07:02:59.228177');
INSERT INTO public.django_migrations (id, app, name, applied) VALUES (35, 'manager', '0002_delete_menu', '2019-09-15 11:15:57.610299');
INSERT INTO public.django_migrations (id, app, name, applied) VALUES (36, 'customer', '0002_delete_notificationmonitor', '2019-09-16 14:23:15.867986');
INSERT INTO public.django_migrations (id, app, name, applied) VALUES (37, 'accounts', '0007_delivery_location', '2019-09-17 14:14:56.460241');
INSERT INTO public.django_migrations (id, app, name, applied) VALUES (38, 'browse', '0002_delete_useroffer', '2019-09-17 14:14:56.909279');
INSERT INTO public.django_session (session_key, session_data, expire_date) VALUES ('3e4rshy7ebfpikiso4t5r6qrze3uc2sy', 'MDAwMDIwNDU4Nzk3MjQwNDU0MTVmMDc5ZTMxOGQ3YjY0MDc4MGFkYTp7Il9hdXRoX3VzZXJfaWQiOiI5IiwiX2F1dGhfdXNlcl9iYWNrZW5kIjoiZGphbmdvLmNvbnRyaWIuYXV0aC5iYWNrZW5kcy5Nb2RlbEJhY2tlbmQiLCJfYXV0aF91c2VyX2hhc2giOiIxYmUyOTZkY2Y4Yjc2ZGFlZTIyMzhlOGFhYjk1YTJhYjVkNmQ0Y2IxIn0=', '2019-09-06 12:46:33.136000');
INSERT INTO public.django_session (session_key, session_data, expire_date) VALUES ('435ij68eocemp7ezo5vll7lyozsjdl8g', 'YjA2MjBkZjExZGMyMTQxMWYyYzhiYjZjYjhmYTViNmZmMDQxYTQwNDp7Il9hdXRoX3VzZXJfaWQiOiIxNyIsIl9hdXRoX3VzZXJfYmFja2VuZCI6ImRqYW5nby5jb250cmliLmF1dGguYmFja2VuZHMuTW9kZWxCYWNrZW5kIiwiX2F1dGhfdXNlcl9oYXNoIjoiM2VmOGFlOGMyNDIxNzA3ZGRkYTFmYzE4ODZlMjU0ODNmYTVjMDdkMiJ9', '2019-09-15 06:47:43.266000');
INSERT INTO public.django_session (session_key, session_data, expire_date) VALUES ('47eek96vwn47n1mvhdo5iy12dh0gab04', 'OGJjMDA2NGRhOTQ5ODBiOTNkMmI1OWY1NjMyN2E0ODFmNjM2NTcxNTp7Il9hdXRoX3VzZXJfaWQiOiIxIiwiX2F1dGhfdXNlcl9iYWNrZW5kIjoiZGphbmdvLmNvbnRyaWIuYXV0aC5iYWNrZW5kcy5Nb2RlbEJhY2tlbmQiLCJfYXV0aF91c2VyX2hhc2giOiI1YWExZDVjYmU3NjA4N2Y2MDdhOGM3MmMwZDE4MzQ5MWJhZGVlNjg4In0=', '2019-09-22 08:04:24.970000');
INSERT INTO public.django_session (session_key, session_data, expire_date) VALUES ('4ypxtphmjt85lfgdtsklhcsy3czovuw6', 'ZTc1NzYxMTM2OTU5YzI1ZWQ1M2I3MTRkMjE2ZTQ4NDM2OWE3MWQ0Njp7ImFsbGF1dGhfZmFjZWJvb2tfbm9uY2UiOiJPUW1nbXlaaW0wcjBkbkR5UWpGZXlPbGlyVVhjV2xVUyIsIl9hdXRoX3VzZXJfaWQiOiIxMiIsIl9hdXRoX3VzZXJfYmFja2VuZCI6ImRqYW5nby5jb250cmliLmF1dGguYmFja2VuZHMuTW9kZWxCYWNrZW5kIiwiX2F1dGhfdXNlcl9oYXNoIjoiNmJlN2EwYjc4OGQ4YmUyNThkZjI5OThjYWM4ODcwOGFkZDdhYTRjNCJ9', '2019-09-22 08:06:41.894000');
INSERT INTO public.django_session (session_key, session_data, expire_date) VALUES ('5uat7kb44yltfmwobc8wdc8efz86hod2', 'ZDFhOTVlMDg0Y2Q2YWE1NDAyOWY5NGRmODMzNjdhNTdmYjVlZGFiOTp7Il9hdXRoX3VzZXJfaWQiOiIxNiIsIl9hdXRoX3VzZXJfYmFja2VuZCI6ImRqYW5nby5jb250cmliLmF1dGguYmFja2VuZHMuTW9kZWxCYWNrZW5kIiwiX2F1dGhfdXNlcl9oYXNoIjoiYjU2NGJjMWVmZGU5NDBlMGM1Y2FjNzlmYmU4Mjg0MWQyYmEzYTFlMSJ9', '2019-09-22 07:28:49.688000');
INSERT INTO public.django_session (session_key, session_data, expire_date) VALUES ('6uldsroll4o83rruwe6lhnn8dbn2he1k', 'MmE3MjljOGE0NzY4NDg2NTlhNzlkYmJhMTI1ZjE5NmFmMjc3OTFiZDp7ImFsbGF1dGhfZmFjZWJvb2tfbm9uY2UiOiJTdGZ2VlhPQlFMa1k2Z01IVHk0VVRWU01JWXJ1d2hRRyIsInNvY2lhbGFjY291bnRfc3RhdGUiOlt7InByb2Nlc3MiOiJsb2dpbiIsInNjb3BlIjoiIiwiYXV0aF9wYXJhbXMiOiIifSwiS0E1Y0hLRzFaaUNjIl0sIl9hdXRoX3VzZXJfaWQiOiIxMiIsIl9hdXRoX3VzZXJfYmFja2VuZCI6ImRqYW5nby5jb250cmliLmF1dGguYmFja2VuZHMuTW9kZWxCYWNrZW5kIiwiX2F1dGhfdXNlcl9oYXNoIjoiNmJlN2EwYjc4OGQ4YmUyNThkZjI5OThjYWM4ODcwOGFkZDdhYTRjNCJ9', '2019-09-14 04:16:29.085000');
INSERT INTO public.django_session (session_key, session_data, expire_date) VALUES ('7y1r7dlwmd7ywplc97n3qvf7hww3y6j4', 'NzBkM2M1ODcxOGFmNjNkMWYzNDU0YTkyOWE4MTdiMmUwZjQ5NGNkMDp7ImFsbGF1dGhfZmFjZWJvb2tfbm9uY2UiOiJJN2lrTVdMOE1jRFljSUtrOTJOWjlSYjB6WVE4UDBQUSIsIl9hdXRoX3VzZXJfaWQiOiIyIiwiX2F1dGhfdXNlcl9iYWNrZW5kIjoiZGphbmdvLmNvbnRyaWIuYXV0aC5iYWNrZW5kcy5Nb2RlbEJhY2tlbmQiLCJfYXV0aF91c2VyX2hhc2giOiIxZTcxYWNkNWZmZjE1ZjRiNGU4YWYzMjI5NzQ0MjFiMzZjNGQ4Y2YwIn0=', '2019-09-06 11:17:46.947000');
INSERT INTO public.django_session (session_key, session_data, expire_date) VALUES ('dvat8zerz3en4l77itdnfx1kqhl4djxc', 'OTM2YjliYzE0OTFmYWFhM2NiNDI5YWIyNDI1NjgzZDYyZGQ1OTY4YTp7Il9hdXRoX3VzZXJfaWQiOiIyMiIsIl9hdXRoX3VzZXJfYmFja2VuZCI6ImRqYW5nby5jb250cmliLmF1dGguYmFja2VuZHMuTW9kZWxCYWNrZW5kIiwiX2F1dGhfdXNlcl9oYXNoIjoiNTQ1ODk5NTk5Y2Q5MjcxOGRmMjQ5ZDIxMDljYjJjZDA1YWYxZTE2NyJ9', '2019-09-22 07:43:58.992000');
INSERT INTO public.django_session (session_key, session_data, expire_date) VALUES ('pnwfox2ambmj6fiapa2xnpdxvxwav4nd', 'ZDFhOTVlMDg0Y2Q2YWE1NDAyOWY5NGRmODMzNjdhNTdmYjVlZGFiOTp7Il9hdXRoX3VzZXJfaWQiOiIxNiIsIl9hdXRoX3VzZXJfYmFja2VuZCI6ImRqYW5nby5jb250cmliLmF1dGguYmFja2VuZHMuTW9kZWxCYWNrZW5kIiwiX2F1dGhfdXNlcl9oYXNoIjoiYjU2NGJjMWVmZGU5NDBlMGM1Y2FjNzlmYmU4Mjg0MWQyYmEzYTFlMSJ9', '2019-09-22 08:40:26.486000');
INSERT INTO public.django_session (session_key, session_data, expire_date) VALUES ('ufsceivyosd6snwsvimalyihv8m9jg2h', 'YzBlMzNhNmQ0MzUwM2RhOGQ4YmIzOTkyY2NkOTdjNjU0YTIxNGI0MDp7fQ==', '2019-09-06 12:21:29.158000');
INSERT INTO public.django_session (session_key, session_data, expire_date) VALUES ('xvojgpwxymtjczfrinlaqz1j9yccqqz5', 'ZDFhOTVlMDg0Y2Q2YWE1NDAyOWY5NGRmODMzNjdhNTdmYjVlZGFiOTp7Il9hdXRoX3VzZXJfaWQiOiIxNiIsIl9hdXRoX3VzZXJfYmFja2VuZCI6ImRqYW5nby5jb250cmliLmF1dGguYmFja2VuZHMuTW9kZWxCYWNrZW5kIiwiX2F1dGhfdXNlcl9oYXNoIjoiYjU2NGJjMWVmZGU5NDBlMGM1Y2FjNzlmYmU4Mjg0MWQyYmEzYTFlMSJ9', '2019-09-22 07:33:03.688000');
INSERT INTO public.django_session (session_key, session_data, expire_date) VALUES ('z5u97e9mrsy5b524cln4ws66kuebubmp', 'OGJjMDA2NGRhOTQ5ODBiOTNkMmI1OWY1NjMyN2E0ODFmNjM2NTcxNTp7Il9hdXRoX3VzZXJfaWQiOiIxIiwiX2F1dGhfdXNlcl9iYWNrZW5kIjoiZGphbmdvLmNvbnRyaWIuYXV0aC5iYWNrZW5kcy5Nb2RlbEJhY2tlbmQiLCJfYXV0aF91c2VyX2hhc2giOiI1YWExZDVjYmU3NjA4N2Y2MDdhOGM3MmMwZDE4MzQ5MWJhZGVlNjg4In0=', '2019-09-06 11:12:41.159000');
INSERT INTO public.django_session (session_key, session_data, expire_date) VALUES ('x7dcmr06dovu14al5oxnwed6e902sinj', 'OGJjMDA2NGRhOTQ5ODBiOTNkMmI1OWY1NjMyN2E0ODFmNjM2NTcxNTp7Il9hdXRoX3VzZXJfaWQiOiIxIiwiX2F1dGhfdXNlcl9iYWNrZW5kIjoiZGphbmdvLmNvbnRyaWIuYXV0aC5iYWNrZW5kcy5Nb2RlbEJhY2tlbmQiLCJfYXV0aF91c2VyX2hhc2giOiI1YWExZDVjYmU3NjA4N2Y2MDdhOGM3MmMwZDE4MzQ5MWJhZGVlNjg4In0=', '2019-09-26 07:56:34.918093');
INSERT INTO public.django_session (session_key, session_data, expire_date) VALUES ('rol1fgn5iy904xpj5131slambm6tn70i', 'MTkyODNkNjQwNDMwM2I4ZDRlYmY2Njc0ZmNiYzE1OTMzNzgxYjZiZDp7ImFsbGF1dGhfZmFjZWJvb2tfbm9uY2UiOiJHenlRS1JzaTVjeE9JNTVpUUs1dWE0NFNnMUxqd3AzOSJ9', '2019-09-26 09:24:15.148002');
INSERT INTO public.django_session (session_key, session_data, expire_date) VALUES ('vukamfd2g6cowzjsie3apxncyy5i23lt', 'MTVkOTEwOWYzY2I5NDhkMmFhODE5ZTk5MzQ4ZTAwNzVlYzAxMDdlNzp7ImFsbGF1dGhfZmFjZWJvb2tfbm9uY2UiOiJkZjlHaE92OWxrQU9qWGw4aWhhTHdETTB5VXFzekxvZiIsIl9hdXRoX3VzZXJfaWQiOiIyIiwiX2F1dGhfdXNlcl9iYWNrZW5kIjoiZGphbmdvLmNvbnRyaWIuYXV0aC5iYWNrZW5kcy5Nb2RlbEJhY2tlbmQiLCJfYXV0aF91c2VyX2hhc2giOiIxZTcxYWNkNWZmZjE1ZjRiNGU4YWYzMjI5NzQ0MjFiMzZjNGQ4Y2YwIn0=', '2019-09-26 14:46:14.492748');
INSERT INTO public.django_session (session_key, session_data, expire_date) VALUES ('se9ivnule3ey9n15b595e8qpzgpz07q7', 'MDAwMDIwNDU4Nzk3MjQwNDU0MTVmMDc5ZTMxOGQ3YjY0MDc4MGFkYTp7Il9hdXRoX3VzZXJfaWQiOiI5IiwiX2F1dGhfdXNlcl9iYWNrZW5kIjoiZGphbmdvLmNvbnRyaWIuYXV0aC5iYWNrZW5kcy5Nb2RlbEJhY2tlbmQiLCJfYXV0aF91c2VyX2hhc2giOiIxYmUyOTZkY2Y4Yjc2ZGFlZTIyMzhlOGFhYjk1YTJhYjVkNmQ0Y2IxIn0=', '2019-09-28 11:02:50.878394');
INSERT INTO public.django_session (session_key, session_data, expire_date) VALUES ('f5pu3kbmrl7xxajc9hpk2akw3m5zymso', 'YzFiNjNjZGNiMzVjM2NiNDc0OTRmYmNmODI3ZmQ0ZTllOGNhMTVlMzp7Il9hdXRoX3VzZXJfaWQiOiI0IiwiX2F1dGhfdXNlcl9iYWNrZW5kIjoiZGphbmdvLmNvbnRyaWIuYXV0aC5iYWNrZW5kcy5Nb2RlbEJhY2tlbmQiLCJfYXV0aF91c2VyX2hhc2giOiIyNWM2YTkxYjFhYWI3YzJjZDQ1ZDkwMTRkYTcwOTAxNjFkOTA3MGNmIn0=', '2019-09-28 11:04:51.792670');
INSERT INTO public.django_session (session_key, session_data, expire_date) VALUES ('hbk2w06k6qgsmxtvlpfkvmjfvl8d1ret', 'ZDFhOTVlMDg0Y2Q2YWE1NDAyOWY5NGRmODMzNjdhNTdmYjVlZGFiOTp7Il9hdXRoX3VzZXJfaWQiOiIxNiIsIl9hdXRoX3VzZXJfYmFja2VuZCI6ImRqYW5nby5jb250cmliLmF1dGguYmFja2VuZHMuTW9kZWxCYWNrZW5kIiwiX2F1dGhfdXNlcl9oYXNoIjoiYjU2NGJjMWVmZGU5NDBlMGM1Y2FjNzlmYmU4Mjg0MWQyYmEzYTFlMSJ9', '2019-09-28 12:01:49.645065');
INSERT INTO public.django_session (session_key, session_data, expire_date) VALUES ('8doh4uefsq6fwnjkvojskjwsgbsggg6t', 'ZDFhOTVlMDg0Y2Q2YWE1NDAyOWY5NGRmODMzNjdhNTdmYjVlZGFiOTp7Il9hdXRoX3VzZXJfaWQiOiIxNiIsIl9hdXRoX3VzZXJfYmFja2VuZCI6ImRqYW5nby5jb250cmliLmF1dGguYmFja2VuZHMuTW9kZWxCYWNrZW5kIiwiX2F1dGhfdXNlcl9oYXNoIjoiYjU2NGJjMWVmZGU5NDBlMGM1Y2FjNzlmYmU4Mjg0MWQyYmEzYTFlMSJ9', '2019-09-28 14:45:31.561020');
INSERT INTO public.django_session (session_key, session_data, expire_date) VALUES ('11tvdmzkp97azdv2d6n28b9rne2d36fi', 'ZDFhOTVlMDg0Y2Q2YWE1NDAyOWY5NGRmODMzNjdhNTdmYjVlZGFiOTp7Il9hdXRoX3VzZXJfaWQiOiIxNiIsIl9hdXRoX3VzZXJfYmFja2VuZCI6ImRqYW5nby5jb250cmliLmF1dGguYmFja2VuZHMuTW9kZWxCYWNrZW5kIiwiX2F1dGhfdXNlcl9oYXNoIjoiYjU2NGJjMWVmZGU5NDBlMGM1Y2FjNzlmYmU4Mjg0MWQyYmEzYTFlMSJ9', '2019-09-28 15:45:27.011229');
INSERT INTO public.django_session (session_key, session_data, expire_date) VALUES ('bw9dqh8mi1iee41duqr0vt9zhefr4xf0', 'MjZjYzBjYzU3MzVjNjBhYmY3ZDM3MjU1M2EyODBjZjE4ZjkwYTlkODp7ImFsbGF1dGhfZmFjZWJvb2tfbm9uY2UiOiJ2OFlTUkE3akFuQURSSU9iUTFpbUdEYXRtelNTTnVRMiJ9', '2019-09-30 05:08:31.861389');
INSERT INTO public.django_session (session_key, session_data, expire_date) VALUES ('z6pkujdqi379fiphxvxhea6fwc33l31v', 'MDAwMDIwNDU4Nzk3MjQwNDU0MTVmMDc5ZTMxOGQ3YjY0MDc4MGFkYTp7Il9hdXRoX3VzZXJfaWQiOiI5IiwiX2F1dGhfdXNlcl9iYWNrZW5kIjoiZGphbmdvLmNvbnRyaWIuYXV0aC5iYWNrZW5kcy5Nb2RlbEJhY2tlbmQiLCJfYXV0aF91c2VyX2hhc2giOiIxYmUyOTZkY2Y4Yjc2ZGFlZTIyMzhlOGFhYjk1YTJhYjVkNmQ0Y2IxIn0=', '2019-09-30 07:52:12.852962');
INSERT INTO public.django_session (session_key, session_data, expire_date) VALUES ('5e236k357o4xpa91apuig1r1dg3weva9', 'YjA2MjBkZjExZGMyMTQxMWYyYzhiYjZjYjhmYTViNmZmMDQxYTQwNDp7Il9hdXRoX3VzZXJfaWQiOiIxNyIsIl9hdXRoX3VzZXJfYmFja2VuZCI6ImRqYW5nby5jb250cmliLmF1dGguYmFja2VuZHMuTW9kZWxCYWNrZW5kIiwiX2F1dGhfdXNlcl9oYXNoIjoiM2VmOGFlOGMyNDIxNzA3ZGRkYTFmYzE4ODZlMjU0ODNmYTVjMDdkMiJ9', '2019-10-01 13:33:04.357355');
INSERT INTO public.django_site (id, domain, name) VALUES (1, 'foodsquare.com', 'foodsquare');
INSERT INTO public.django_site (id, domain, name) VALUES (2, 'foodsquare.net', 'foodsquare');
INSERT INTO public.django_site (id, domain, name) VALUES (3, 'localhost', 'localhost');
INSERT INTO public.socialaccount_socialapp (id, provider, name, client_id, secret, key) VALUES (1, 'facebook', 'foodsquare', '2213513975398382', '13ff209e35f44dba1091ac0754eae339', '');
INSERT INTO public.socialaccount_socialapp_sites (id, socialapp_id, site_id) VALUES (1, 1, 1);
INSERT INTO public.socialaccount_socialapp_sites (id, socialapp_id, site_id) VALUES (2, 1, 2);
INSERT INTO public.socialaccount_socialapp_sites (id, socialapp_id, site_id) VALUES (3, 1, 3);
INSERT INTO public."webAdmin_config" (id, key, value) VALUES (1, 'delivery_charge', '10');
INSERT INTO public."webAdmin_config" (id, key, value) VALUES (3, 'items_per_page', '6');
INSERT INTO public."webAdmin_config" (id, key, value) VALUES (4, 'account_suspend_email', '1505015.skb@ugrad.cse.buet.ac.bd');